url,family,lang,title,description,h1,h1_count,canonical,robots,indexable,schema,internal_links_in,internal_links_out
"https://pixon.com.mx/","HOME","es-MX","Reparación de computadoras en Cancún | Pixon PC","Reparación de PC, laptops, celulares y consolas en Cancún. Diagnóstico técnico desde $600 MXN, cotización previa y atención con cita en Pixon PC.","Servicio técnico y reparación de computadoras en Cancún","1","https://pixon.com.mx/","","true","WebSite; LocalBusiness; ProfessionalService","202","168"
"https://pixon.com.mx/404","LANDING","es-MX","Página no encontrada | Pixon PC Cancún","La página solicitada no está disponible. Explora los servicios de Pixon PC en Cancún o recibe ayuda por WhatsApp.","Esta ruta ya no existe.","1","https://pixon.com.mx/404","noindex, follow","false","WebSite; LocalBusiness; ProfessionalService; OnlineStore","1","165"
"https://pixon.com.mx/admin/admin","UTILITY","es-MX","Panel de Administración | Pixon PC","Panel administrativo Pixon PC","Mi jornada","1","https://pixon.com.mx/admin","noindex, nofollow","false","WebSite; LocalBusiness; ProfessionalService; OnlineStore","0","4"
"https://pixon.com.mx/antisulfatacion","LANDING","es-MX","Antisulfatación en Cancún | Reparación por humedad y salitre","Antisulfatación en Cancún para laptops, PCs, MacBook y equipos con corrosión por humedad, salitre o líquidos. Baño ultrasónico, revisión de placa y diagnóstico claro.","Antisulfatación en Cancún para laptops, PCs y placas con corrosión","1","https://pixon.com.mx/antisulfatacion","","true","WebSite; LocalBusiness; ProfessionalService; OnlineStore; Service","176","166"
"https://pixon.com.mx/b2b","LANDING","es","Redirigiendo a soporte para empresas | Pixon PC","","Redirigiendo a soporte para empresas","1","https://pixon.com.mx/empresas","noindex, follow","false","","1","1"
"https://pixon.com.mx/blog/mantenimiento-preventivo-equipos-cancun","BLOG","","Redirecting to: /blogs/mantenimiento-preventivo-equipos-cancun","","","0","https://pixon.com.mx/blogs/mantenimiento-preventivo-equipos-cancun","noindex","false","","0","1"
"https://pixon.com.mx/blogs","BLOG","es-MX","Blogs de reparación y mantenimiento en Cancún | Pixon PC","Guías técnicas de Pixon PC sobre reparación, humedad, salitre, mantenimiento, temperatura, laptops, PC y consolas en Cancún.","Blogs sobre reparación, mantenimiento y rendimiento","1","https://pixon.com.mx/blogs","","true","WebSite; LocalBusiness; ProfessionalService; OnlineStore","176","166"
"https://pixon.com.mx/blogs/aplicacion-metal-liquido-cancun","BLOG","es-MX","Cambio de Metal Líquido en Cancún | Laptop Gamer y PC | Pixon PC","Servicio de aplicación y revisión de metal líquido para laptop gamer y PC en Cancún. Verificamos compatibilidad, disipador, aislamiento y pruebas bajo carga.","Cambio de metal líquido","1","https://pixon.com.mx/blogs/aplicacion-metal-liquido-cancun","","true","WebSite; LocalBusiness; ProfessionalService; OnlineStore; TechArticle; Service; BreadcrumbList","176","166"
"https://pixon.com.mx/blogs/desarrollo-software-paginas-web-cancun","BLOG","","Redirecting to: /desarrollo-software-paginas-web-cancun","","","0","https://pixon.com.mx/desarrollo-software-paginas-web-cancun","noindex","false","","176","1"
"https://pixon.com.mx/blogs/humedad-salitre-calor-cancun","BLOG","es-MX","Humedad, Salitre y Calor en Cancún | Diagnóstico Anti-Sulfatación Pixon PC","Protege tu computadora del clima en Cancún. Diagnóstico anti-sulfatación por humedad del 85%, salitre costero y calor tropical en Pixon PC. Baño ultrasónico y blindaje.","Impacto de Humedad, Salitre y Calor en Computadoras en Cancún: Diagnóstico Anti-Sulfatación","1","https://pixon.com.mx/blogs/humedad-salitre-calor-cancun","","true","WebSite; LocalBusiness; ProfessionalService; OnlineStore; Article; Service","176","166"
"https://pixon.com.mx/blogs/mantenimiento-preventivo-equipos-cancun","BLOG","es-MX","Mantenimiento Preventivo de Computadoras en Cancún | Guía 2026 | Pixon PC","Guía de mantenimiento preventivo para PC, laptops y consolas en Cancún. Aprende cuándo limpiar ventiladores, revisar temperaturas, pasta térmica y sistema de refrigeración.","Mantenimiento Preventivo de PC, Laptops y Consolas en Cancún","1","https://pixon.com.mx/blogs/mantenimiento-preventivo-equipos-cancun","","true","WebSite; LocalBusiness; BlogPosting; BreadcrumbList","177","167"
"https://pixon.com.mx/blogs/pasta-termica-vs-metal-liquido","BLOG","es-MX","Pasta térmica vs metal líquido: ¿cuál conviene? | Pixon PC","Compara pasta térmica vs metal líquido: temperatura, seguridad, riesgos, duración y uso en PC, laptops gamer, GPU y PS5. Guía técnica de Pixon PC.","Pasta térmica vs metal líquido","1","https://pixon.com.mx/blogs/pasta-termica-vs-metal-liquido","","true","WebSite; LocalBusiness; ProfessionalService; OnlineStore; Service","176","166"
"https://pixon.com.mx/blogs/reparacion-bisagras-carcasas-laptop-cancun","BLOG","es-MX","Reparación de Bisagras y Carcasas de Laptop en Cancún | Pixon PC","Reparación y reconstrucción de bisagras, carcasas y postes rotos de laptop en Cancún. Evita romper pantalla o cable flex. Refuerzo epóxico con garantía y fotos.","Reparación de Bisagras y Carcasas de Laptop en Cancún","1","https://pixon.com.mx/blogs/reparacion-bisagras-carcasas-laptop-cancun","","true","WebSite; LocalBusiness; ProfessionalService; OnlineStore; Service; HowTo; BreadcrumbList","176","166"
"https://pixon.com.mx/carrito","UTILITY","es-MX","Carrito | Pixon PC","Revisa tu selección antes de comprar en Pixon PC.","Tu carrito","1","https://pixon.com.mx/carrito","noindex, nofollow","false","WebSite; LocalBusiness; ProfessionalService; OnlineStore","9","166"
"https://pixon.com.mx/catalogo","LANDING","es-MX","Catálogo de Trabajos Reales | Pixon PC Cancún","Catálogo de trabajos reales de Pixon PC en Cancún. Videos de reparación de laptops, GPU, celulares, impresoras — servicio documentado a nivel componente.","Catálogo de Nuestro Trabajo","1","https://pixon.com.mx/catalogo","","true","WebSite; LocalBusiness; ProfessionalService; OnlineStore; ItemList","176","166"
"https://pixon.com.mx/checkout","UTILITY","es-MX","Checkout | Pixon PC","Confirma tus datos y método de pago para crear tu pedido Pixon PC.","Confirma tu compra","1","https://pixon.com.mx/checkout","noindex, nofollow","false","WebSite; LocalBusiness; ProfessionalService; OnlineStore","3","166"
"https://pixon.com.mx/comentarios","LANDING","es-MX","Opiniones y Reseñas de Clientes | Pixon PC Cancún","Lee opiniones sobre Pixon PC en Cancún y comparte tu experiencia de servicio. Consulta reseñas en Google o deja un comentario sobre tu reparación.","¿Qué opinan nuestros clientes?","1","https://pixon.com.mx/comentarios","","true","WebSite; LocalBusiness","176","166"
"https://pixon.com.mx/contacto","LANDING","es-MX","Contacto Pixon PC Cancún | Ticket de Reparación, Diagnóstico y Soporte Técnico","Contacta a Pixon PC en Cancún: crea tu ticket de reparación de laptop, PC, celular o consola, agenda diagnóstico técnico y obtén 30% de descuento al registrarte. Atención en Haciendas, Zona Hotelera, Cumbres, Huayacán y toda la ciudad.","Contacta a Pixon PC en Cancún – Diagnóstico y Reparación Técnica","1","https://pixon.com.mx/contacto","","true","WebSite; LocalBusiness; ProfessionalService; OnlineStore; BreadcrumbList; ContactPage","177","169"
"https://pixon.com.mx/cuenta","UTILITY","es-MX","Mi cuenta | Seguimiento de reparaciones Pixon PC","Accede a tu cuenta de Pixon PC para consultar tickets de reparacion, actualizar tu telefono y dar seguimiento a tus servicios.","Cuenta y tickets","1","https://pixon.com.mx/cuenta","noindex, follow","false","WebSite; LocalBusiness; ProfessionalService; OnlineStore; WebPage","3","167"
"https://pixon.com.mx/desarrollo-software-paginas-web-cancun","LANDING","es-MX","Desarrollo de Software y Páginas Web en Cancún | SEO | Pixon PC","Desarrollo de software, páginas web y sistemas a medida en Cancún. Creamos sitios rápidos y trabajamos SEO, Google Search, hosting, analítica y posicionamiento para atraer clientes.","Desarrollo de Software, Páginas Web y SEO en Cancún","1","https://pixon.com.mx/desarrollo-software-paginas-web-cancun","","true","WebSite; LocalBusiness; ProfessionalService; OnlineStore; WebPage; Service; BreadcrumbList","2","167"
"https://pixon.com.mx/desbloqueo-icloud-cancun","LANDING","es-MX","Desbloqueo de iCloud y Quitar Cuenta iPhone en Cancún | Pixon PC","Diagnóstico técnico de IMEI, eliminación de cuenta Apple ID y restablecimiento de pantalla de activación para iPhone en Cancún. Atención presencial en Cancún Centro, Huayacán y Q. Roo.","Desbloqueo de iCloud y Remoción de Cuenta iPhone en Cancún","1","https://pixon.com.mx/desbloqueo-icloud-cancun","","true","WebSite; LocalBusiness; ProfessionalService; OnlineStore; Service","176","166"
"https://pixon.com.mx/empresas","B2B","es-MX","Póliza de Soporte TI para empresas en Cancún | Mantenimiento y sistemas","Outsourcing de soporte TI empresarial en Cancún. Pólizas de mantenimiento preventivo de computadoras, instalación de redes, igualas mensuales de soporte técnico y consultoría técnica para oficinas, hoteles y PyMEs.","Soporte TI continuo para empresas en Cancún","1","https://pixon.com.mx/empresas","","true","WebSite; LocalBusiness; ProfessionalService; OnlineStore; Service; BreadcrumbList","178","166"
"https://pixon.com.mx/en","ENGLISH","en","Tech Repair in Cancun | Written English Support | Pixon PC","Computer, laptop, phone and console repair in Cancun with written English support. Clear quotes and WhatsApp updates before repair.","Computer Repair in Cancun with English Support","1","https://pixon.com.mx/en","","true","WebSite; LocalBusiness; ProfessionalService; OnlineStore; Service; BreadcrumbList","178","18"
"https://pixon.com.mx/en/404","ENGLISH","en","Page Not Found | Pixon PC Cancun","The requested page is not available. Explore Pixon PC services in Cancun or get assistance via WhatsApp.","This page no longer exists.","1","https://pixon.com.mx/en/404","noindex, follow","false","WebSite; LocalBusiness; ProfessionalService; OnlineStore","1","17"
"https://pixon.com.mx/en/account","ENGLISH","en","My Account | Pixon PC Service Tracking","Access your Pixon PC account to review repair tickets, update your phone number and follow your services.","Cuenta y tickets","1","https://pixon.com.mx/en/account","noindex, follow","false","WebSite; LocalBusiness; ProfessionalService; OnlineStore; WebPage","2","17"
"https://pixon.com.mx/en/business-it-support","ENGLISH","en","Business IT Support in Cancun | Pixon PC","Business IT support in Cancun for offices, hotels, device maintenance, networks and technical requests.","Business IT Support in Cancun","1","https://pixon.com.mx/en/business-it-support","","true","WebSite; LocalBusiness; ProfessionalService; OnlineStore; Service; BreadcrumbList","26","23"
"https://pixon.com.mx/en/business-wifi","ENGLISH","en","Business WiFi in Cancun | Network Diagnostics | Pixon PC","Business WiFi and network diagnostics in Cancun for offices, hotels, printers and connected devices.","Business WiFi in Cancun","1","https://pixon.com.mx/en/business-wifi","","true","WebSite; LocalBusiness; ProfessionalService; OnlineStore; Service; BreadcrumbList","12","23"
"https://pixon.com.mx/en/cart","ENGLISH","en","Cart | Pixon PC","Review your selection before purchasing at Pixon PC.","Your cart","1","https://pixon.com.mx/en/cart","noindex, nofollow","false","WebSite; LocalBusiness; ProfessionalService; OnlineStore","5","14"
"https://pixon.com.mx/en/checkout","ENGLISH","en","Checkout | Pixon PC","Confirm your details and payment method to complete your Pixon PC order.","Confirm your order","1","https://pixon.com.mx/en/checkout","noindex, nofollow","false","WebSite; LocalBusiness; ProfessionalService; OnlineStore","3","13"
"https://pixon.com.mx/en/computer-repair","ENGLISH","en","Computer Repair in Cancun | English Support | Pixon PC","Computer and PC repair in Cancun with written English support. Diagnosis for no power, slow performance, overheating, Windows and hardware issues before any repair.","Computer Repair in Cancun","1","https://pixon.com.mx/en/computer-repair","","true","WebSite; LocalBusiness; ProfessionalService; OnlineStore; Service","15","14"
"https://pixon.com.mx/en/contact","ENGLISH","en","Contact Pixon PC | English Support in Cancun","Contact Pixon PC for computer, laptop, phone, console and business IT support in Cancun.","Contact Pixon PC in Cancun","1","https://pixon.com.mx/en/contact","","true","WebSite; LocalBusiness; ProfessionalService; OnlineStore; Service; BreadcrumbList","26","23"
"https://pixon.com.mx/en/custom-pc-builds","ENGLISH","en","Custom PC Builds in Cancun | Gaming and Work PCs | Pixon PC","Custom PC builds in Cancun for gaming, work, editing, programming and office use.","Custom PC Builds in Cancun","1","https://pixon.com.mx/en/custom-pc-builds","","true","WebSite; LocalBusiness; ProfessionalService; OnlineStore; Service; BreadcrumbList","12","23"
"https://pixon.com.mx/en/data-recovery","ENGLISH","en","Data Recovery in Cancun | SSD, HDD and Laptop Data | Pixon PC","Data recovery assessment in Cancun for SSD, HDD, laptops and Windows startup failures.","Data Recovery in Cancun","1","https://pixon.com.mx/en/data-recovery","","true","WebSite; LocalBusiness; ProfessionalService; OnlineStore; Service; BreadcrumbList","12","23"
"https://pixon.com.mx/en/game-console-repair","ENGLISH","en","Game Console Repair in Cancun | PS5, Xbox and Switch | Pixon PC","Game console diagnostics and repair in Cancun for PS5, Xbox, Nintendo Switch and controllers.","Game Console Repair in Cancun","1","https://pixon.com.mx/en/game-console-repair","","true","WebSite; LocalBusiness; ProfessionalService; OnlineStore; Service; BreadcrumbList","13","23"
"https://pixon.com.mx/en/graphics-card-repair","ENGLISH","en","Graphics Card Repair in Cancun | GPU Diagnostics | Pixon PC","GPU diagnostics and graphics card repair in Cancun for black screens, artifacts, crashes and temperature issues.","Graphics Card Repair in Cancun","1","https://pixon.com.mx/en/graphics-card-repair","","true","WebSite; LocalBusiness; ProfessionalService; OnlineStore; Service; BreadcrumbList","13","23"
"https://pixon.com.mx/en/iphone-battery-replacement","ENGLISH","en","iPhone Battery Replacement in Cancun | Pixon PC","iPhone battery replacement in Cancun with written English support. Clear quotes, WhatsApp updates and hotel coordination subject to availability.","iPhone Battery Replacement in Cancun","1","https://pixon.com.mx/en/iphone-battery-replacement","","true","WebSite; LocalBusiness; ProfessionalService; OnlineStore; Service; BreadcrumbList","26","13"
"https://pixon.com.mx/en/laptop-repair","ENGLISH","en","Laptop Repair in Cancun | English Support | Pixon PC","Laptop repair in Cancun with written English support. We assess screens, batteries, charging, keyboards, overheating, liquid damage and Windows issues before quoting.","Laptop Repair in Cancun","1","https://pixon.com.mx/en/laptop-repair","","true","WebSite; LocalBusiness; ProfessionalService; OnlineStore; Service","15","14"
"https://pixon.com.mx/en/liquid-damage","ENGLISH","en","Water Damage Phone Repair in Cancun | English Support | Pixon PC","Water damage phone repair in Cancun for ocean, salt water, pool and fresh water incidents. Hotel pickup coordination in Cancun Hotel Zone and Costa Mujeres.","Water Damage Phone Repair in Cancun","1","https://pixon.com.mx/en/liquid-damage","","true","WebSite; LocalBusiness; ProfessionalService; OnlineStore; Service; BreadcrumbList","26","13"
"https://pixon.com.mx/en/login","ENGLISH","","Redirecting to: /auth/google?returnTo=%2Fen%2Faccount","","","0","https://pixon.com.mx/auth/google?returnTo=%2Fen%2Faccount","noindex","false","","0","1"
"https://pixon.com.mx/en/macbook-repair","ENGLISH","en","MacBook Repair in Cancun | Pixon PC","MacBook diagnosis and repair in Cancun for power, screen, battery, charging, liquid and macOS issues.","MacBook Repair in Cancun","1","https://pixon.com.mx/en/macbook-repair","","true","WebSite; LocalBusiness; ProfessionalService; OnlineStore; Service; BreadcrumbList","13","23"
"https://pixon.com.mx/en/order/seguimiento","ENGLISH","en","Order tracking | Pixon PC","Securely check your Pixon PC order.","Your Pixon PC order","1","https://pixon.com.mx/en/order/seguimiento","noindex, nofollow","false","WebSite; LocalBusiness; ProfessionalService; OnlineStore","2","15"
"https://pixon.com.mx/en/phone-repair","ENGLISH","en","Phone Repair in Cancun | English Support | Pixon PC","Phone repair in Cancun with written English support for screens, batteries, charging, liquid damage, cameras and diagnosis. Send the model and symptom before arranging service.","Phone Repair in Cancun","1","https://pixon.com.mx/en/phone-repair","","true","WebSite; LocalBusiness; ProfessionalService; OnlineStore; Service","17","14"
"https://pixon.com.mx/en/printer-repair","ENGLISH","en","Printer Repair in Cancun | Pixon PC","Printer diagnostics and repair in Cancun for HP, Epson, Canon, Brother, WiFi and paper-feed issues.","Printer Repair in Cancun","1","https://pixon.com.mx/en/printer-repair","","true","WebSite; LocalBusiness; ProfessionalService; OnlineStore; Service; BreadcrumbList","12","23"
"https://pixon.com.mx/en/ps5-repair","ENGLISH","en","PS5 Repair in Cancun | Diagnostics and Service | Pixon PC","PS5 diagnostics and repair in Cancun for HDMI, power, overheating, shutdown and storage issues.","PS5 Repair in Cancun","1","https://pixon.com.mx/en/ps5-repair","","true","WebSite; LocalBusiness; ProfessionalService; OnlineStore; Service; BreadcrumbList","2","24"
"https://pixon.com.mx/en/services","ENGLISH","en","Repair Services in Cancun | Pixon PC","Computer, laptop, phone, console, printer and business IT repair services in Cancun.","Repair Services in Cancun","1","https://pixon.com.mx/en/services","","true","WebSite; LocalBusiness; ProfessionalService; OnlineStore; Service; BreadcrumbList","26","23"
"https://pixon.com.mx/en/store","ENGLISH","en","Computer, Hardware and Service Store in Cancun | Pixon PC","Explore devices, hardware, repair services and packages published by Pixon PC in Cancun with written English support. Check availability, condition and pricing.","Equipment, components and repair services in Cancun","1","https://pixon.com.mx/en/store","","true","WebSite; LocalBusiness; ProfessionalService; OnlineStore; CollectionPage; BreadcrumbList","4","13"
"https://pixon.com.mx/en/store/item","ENGLISH","en","Store item | Pixon PC","View live availability, condition and price in MXN.","Pixon PC store listing","1","https://pixon.com.mx/en/store/item","noindex, follow","false","WebSite; LocalBusiness; ProfessionalService; OnlineStore","2","17"
"https://pixon.com.mx/en/tickets","ENGLISH","en","Create Service Ticket | Pixon PC Cancun","Create a technical service ticket at Pixon PC Cancun for laptops, computers, phones, consoles and business IT support with written English support.","Create technical service ticket","1","https://pixon.com.mx/en/tickets","","true","WebSite; LocalBusiness; ProfessionalService; OnlineStore; WebPage","4","12"
"https://pixon.com.mx/ensambles","ENGLISH","es-MX","Armado de PC en Cancún | Gamer, Oficina y Workstation | Pixon PC","Armado de PC a medida en Cancún para gaming, oficina, programación, edición, render y workstation. Elegimos hardware compatible según uso y presupuesto.","Armado de PC a Medida en Cancún","1","https://pixon.com.mx/ensambles","","true","WebSite; LocalBusiness; ProfessionalService; OnlineStore; Service; BreadcrumbList","177","167"
"https://pixon.com.mx/formateo-optimizacion","LANDING","es","Redirigiendo a instalacion de Windows | Pixon PC","","Redirigiendo a instalacion de Windows","1","https://pixon.com.mx/instalacion-windows","noindex, follow","false","","0","1"
"https://pixon.com.mx/garantia","LANDING","es-MX","Política de Garantía | Pixon PC Cancún","Política de Garantía de Pixon PC Cancún. Conoce qué cubre nuestra garantía en mantenimiento, ensambles y reparaciones. Garantía por escrito en cada servicio.","Política de Garantía","1","https://pixon.com.mx/garantia","","true","WebSite; LocalBusiness; ProfessionalService; OnlineStore","177","166"
"https://pixon.com.mx/instalacion-windows","LANDING","es-MX","Formateo e Instalación de Windows en Cancún | Pixon PC","Formateo de computadoras en Cancún. Instalación de Windows, drivers, programas y respaldo de información profesional para PC y laptops.","Formateo e Instalación de Windows en Cancún","1","https://pixon.com.mx/instalacion-windows","","true","WebSite; LocalBusiness; BreadcrumbList","177","166"
"https://pixon.com.mx/limpieza-laptop","LANDING","es-MX","Limpieza de Laptop en Cancún | Envíos desde México | Pixon PC","Limpieza profesional de laptop en Cancún: ventiladores, disipador y sistema térmico según el modelo. También recibimos equipos por paquetería desde México.","Limpieza Profesional de Laptop en Cancún","1","https://pixon.com.mx/limpieza-laptop","","true","WebSite; LocalBusiness; ProfessionalService; OnlineStore; Service; BreadcrumbList","2","168"
"https://pixon.com.mx/limpieza-laptop-liquido","LANDING","es-MX","Emergencia: Limpieza de Laptop por Líquido en Cancún | Pixon PC","¿Derramaste líquido en tu laptop en Cancún? Apágala y tráela cuanto antes. Servicio de limpieza interna, inspección y prevención de corrosión. Atención con cita previa.","¿Derramaste líquido en tu equipo? El daño eléctrico ya empezó.","1","https://pixon.com.mx/limpieza-laptop-liquido","","true","WebSite; LocalBusiness; ProfessionalService; OnlineStore; Service; BreadcrumbList","176","166"
"https://pixon.com.mx/mantenimiento-mac","LANDING","es-MX","Mantenimiento Avanzado Mac y PC | Pixon","Mantenimiento interno profesional para Mac en Cancún. Limpieza técnica de precisión, revisión de tarjeta madre y aplicación de pasta térmica premium.","Cuidado profesional para MacBook y iMac","1","https://pixon.com.mx/mantenimiento-mac","","true","WebSite; LocalBusiness; ProfessionalService; OnlineStore; Service; BreadcrumbList","176","166"
"https://pixon.com.mx/mantenimiento-pc-laptop-domicilio-cancun","LANDING","es-MX","Mantenimiento PC y Laptop a Domicilio en Cancún | Pixon PC","Mantenimiento de PC y laptop a domicilio en Cancún. Coordinamos una visita a tu casa, departamento u oficina con cita previa. Cotiza según equipo, zona y complejidad.","Mantenimiento de PC y Laptop a Domicilio en Cancún","1","https://pixon.com.mx/mantenimiento-pc-laptop-domicilio-cancun","","true","WebSite; LocalBusiness; ProfessionalService; OnlineStore; Service; BreadcrumbList","10","167"
"https://pixon.com.mx/mantenimiento-preventivo","LANDING","es-MX","Redirigiendo a mantenimiento preventivo | Pixon PC","","","0","https://pixon.com.mx/mantenimiento-preventivo-computadora","noindex,follow","false","","0","1"
"https://pixon.com.mx/mantenimiento-preventivo-computadora","LANDING","es-MX","Mantenimiento Preventivo de Computadoras en Cancún | Pixon PC","Mantenimiento preventivo de PC y laptop en Cancún. Limpieza interna de polvo, disipadores, ventiladores ruidosos, pasta térmica y temperaturas para equipos lentos o calientes.","Mantenimiento preventivo de computadoras en Cancún","1","https://pixon.com.mx/mantenimiento-preventivo-computadora","","true","WebSite; LocalBusiness; ProfessionalService; OnlineStore; Service; BreadcrumbList","178","168"
"https://pixon.com.mx/optimizacion","LANDING","es-MX","Optimización de PC en Cancún | FPS, ping y Windows | Pixon PC","Optimización de PC y laptop en Cancún o remota para bajones de FPS, input lag, ping alto, stuttering, Windows lento, temperatura, SSD, RAM y drivers.","Optimización de Equipos de Cómputo","1","https://pixon.com.mx/optimizacion","","true","WebSite; LocalBusiness; ProfessionalService; OnlineStore; Service; BreadcrumbList","176","166"
"https://pixon.com.mx/paquetes","LANDING","es-MX","Paquetes de Mantenimiento PC Cancún | Pixon PC","Mantenimiento preventivo de PC y laptop en Cancún. Cotización según equipo, valor y alcance requerido. Garantía por escrito. Atención con cita previa.","Paquetes de Mantenimiento","1","https://pixon.com.mx/paquetes","","true","WebSite; LocalBusiness; ProfessionalService; OnlineStore; Service; BreadcrumbList","176","167"
"https://pixon.com.mx/pedido/seguimiento","UTILITY","es-MX","Seguimiento de pedido | Pixon PC","Consulta el estado de tu pedido Pixon PC.","Tu pedido Pixon PC","1","https://pixon.com.mx/pedido/seguimiento","noindex, nofollow","false","WebSite; LocalBusiness; ProfessionalService; OnlineStore","2","166"
"https://pixon.com.mx/politica-de-envios-y-devoluciones","LANDING","es-MX","Condiciones de entrega y garantía | Pixon PC Cancún","Consulta las condiciones de entrega, recolección y garantía de Pixon PC en Cancún.","Condiciones de entrega y garantía","1","https://pixon.com.mx/politica-de-envios-y-devoluciones","","true","WebSite; LocalBusiness; ProfessionalService; OnlineStore; WebPage","194","166"
"https://pixon.com.mx/politica-de-garantia","LANDING","es-MX","Política de Garantía — Pixon PC Cancún","Política de garantía de Pixon PC Cancún: cobertura, condiciones, exclusiones y proceso para reportar garantía por WhatsApp.","Política de Garantía — Pixon PC","1","https://pixon.com.mx/politica-de-garantia","","true","WebSite; LocalBusiness; ProfessionalService; OnlineStore; WebPage","194","166"
"https://pixon.com.mx/preguntas-frecuentes","LANDING","es-MX","Preguntas frecuentes sobre reparación en Cancún | Pixon PC","Preguntas frecuentes de Pixon PC sobre reparación de computadoras, laptops, consolas, celulares, humedad, garantía, domicilio, pagos y soporte para empresas en Cancún.","Preguntas frecuentes sobre reparación en Cancún","1","https://pixon.com.mx/preguntas-frecuentes","","true","WebSite; LocalBusiness; ProfessionalService; OnlineStore; BreadcrumbList","176","166"
"https://pixon.com.mx/privacidad","LANDING","es-MX","Política de Privacidad | Pixon PC Cancún","Política de Privacidad de Pixon PC. Cómo recopilamos y usamos tus datos personales conforme a la LFPDPPP de México. Cancún, Q. Roo.","Política de Privacidad","1","https://pixon.com.mx/privacidad","","true","WebSite; LocalBusiness; ProfessionalService; OnlineStore","194","166"
"https://pixon.com.mx/reparacion-bisagras","LANDING","es-MX","Reparación de Bisagras de Laptop en Cancún | Pixon PC","Reparación profesional de bisagras y carcasas de laptop en Cancún. Reconstrucción con resina epóxica, soldadura de plásticos y ajuste de tensión para todas las marcas.","Reparación de Bisagras de Laptop en Cancún","1","https://pixon.com.mx/reparacion-bisagras","","true","WebSite; LocalBusiness; ProfessionalService; OnlineStore; Service; BreadcrumbList","176","166"
"https://pixon.com.mx/reparacion-controles","LANDING","es-MX","Reparación de Controles en Cancún | Drift, Botones y Batería Pixon PC","Servicio técnico especializado en reparación de controles Xbox, PlayStation y Nintendo en Cancún. Joystick drift ALPS/Hall Effect, botones RB/LB L1/R1, puertos USB-C y baterías.","Reparación de Controles Xbox, PlayStation y Nintendo en Cancún","1","https://pixon.com.mx/reparacion-controles","","true","WebSite; LocalBusiness; ProfessionalService; OnlineStore; Article; Service","176","166"
"https://pixon.com.mx/reparaciones","LANDING","es-MX","Reparación de equipos en Cancún | PCs, laptops, celulares y más","Servicio técnico en Cancún para computadoras, laptops, celulares e impresoras, diagnóstico claro, reparación profesional y atención rápida para todo tipo de equipos.","Reparación de equipos en Cancún para computadoras, laptops, celulares, consolas e impresoras","1","https://pixon.com.mx/reparaciones","","true","WebSite; LocalBusiness; ProfessionalService; OnlineStore; Service; BreadcrumbList","176","166"
"https://pixon.com.mx/servicios","LANDING","es-MX","Servicios de reparación en Cancún | Pixon PC","148 servicios de reparación para laptop, PC, teléfono, consola e impresora en Cancún. Revisamos la falla y cotizamos el alcance antes de reparar.","Nuestros servicios","1","https://pixon.com.mx/servicios","","true","WebSite; LocalBusiness; ProfessionalService; OnlineStore; BreadcrumbList","178","167"
"https://pixon.com.mx/servicios/b2b","B2B","es-MX","Reparación de B2B en Cancún | Pixon PC","Servicios profesionales de reparación de b2b en Cancún. 9 servicios disponibles con garantía por escrito. Atención con cita previa.","Reparación de B2B en Cancún","1","https://pixon.com.mx/empresas","noindex, follow","false","WebSite; LocalBusiness; ProfessionalService; OnlineStore; BreadcrumbList; Service","176","166"
"https://pixon.com.mx/servicios/b2b/mantenimiento-flotilla","B2B","es-MX","Mantenimiento de flotilla de computadoras en Cancún | Pixon PC","Mantenimiento de flotilla en Cancún con enfoque operativo: menos paros, mejor control de tickets, evidencia clara y soporte técnico para equipos críticos del negocio. Cotización clara, diagnóstico técnico profesional y reparación confiable en Cancún.","Mantenimiento de flotilla de computadoras en Cancún","1","https://pixon.com.mx/servicios/b2b/mantenimiento-flotilla","","true","WebSite; LocalBusiness; ProfessionalService; OnlineStore; Service; BreadcrumbList","176","166"
"https://pixon.com.mx/servicios/b2b/polizas-mantenimiento","B2B","es-MX","Mantenimiento preventivo TI en Cancun | Polizas para empresas","Mantenimiento preventivo TI en Cancun para empresas, hoteles, oficinas y restaurantes. Polizas con visitas programadas, tickets, inventario, reportes, CFDI y soporte local.","Mantenimiento preventivo TI en Cancun","1","https://pixon.com.mx/servicios/b2b/polizas-mantenimiento","","true","WebSite; LocalBusiness; ProfessionalService; OnlineStore; Service; BreadcrumbList","176","166"
"https://pixon.com.mx/servicios/b2b/soporte-agencias","B2B","es-MX","Soporte TI para agencias en Cancún | Pixon PC","Soporte TI para agencias en Cancún con enfoque operativo: menos paros, mejor control de tickets, evidencia clara y soporte técnico para equipos críticos del negocio. Cotización clara, diagnóstico técnico profesional y reparación confiable en Cancún.","Soporte TI para agencias en Cancún","1","https://pixon.com.mx/servicios/b2b/soporte-agencias","","true","WebSite; LocalBusiness; ProfessionalService; OnlineStore; Service; BreadcrumbList","176","166"
"https://pixon.com.mx/servicios/b2b/soporte-hoteles","B2B","es-MX","Soporte TI para hoteles en Cancún | Pixon PC","Soporte técnico y TI para hoteles en Cancún y Zona Hotelera. Revisamos equipos, impresoras y redes para definir alcance, tiempos y cotización antes de intervenir.","Soporte TI para hoteles en Cancún","1","https://pixon.com.mx/servicios/b2b/soporte-hoteles","","true","WebSite; LocalBusiness; ProfessionalService; OnlineStore; Service; BreadcrumbList","176","166"
"https://pixon.com.mx/servicios/b2b/soporte-oficinas","B2B","es-MX","Soporte TI para oficinas en Cancún | Red, impresoras y Windows","Soporte TI para oficinas en Cancún con diagnóstico de PCs, laptops, impresoras, red, Windows y respaldos. Atención local para administración y operación.","Soporte TI para oficinas en Cancún con red, impresoras, Windows y respaldo","1","https://pixon.com.mx/servicios/b2b/soporte-oficinas","","true","WebSite; LocalBusiness; ProfessionalService; OnlineStore; Service; BreadcrumbList","176","166"
"https://pixon.com.mx/servicios/b2b/soporte-restaurantes","B2B","es-MX","Soporte TI para restaurantes en Cancún | Pixon PC","Soporte TI para restaurantes en Cancún con enfoque operativo: menos paros, mejor control de tickets, evidencia clara y soporte técnico para equipos críticos del negocio. Cotización clara, diagnóstico técnico profesional y reparación confiable en Cancún.","Soporte TI para restaurantes en Cancún","1","https://pixon.com.mx/servicios/b2b/soporte-restaurantes","","true","WebSite; LocalBusiness; ProfessionalService; OnlineStore; Service; BreadcrumbList","176","166"
"https://pixon.com.mx/servicios/b2b/wifi-empresarial","B2B","es-MX","WiFi empresarial en Cancún | Red, impresoras y cobertura","WiFi empresarial en Cancún para oficinas y negocios. Revisamos red, cobertura, impresoras, routers, switches y equipos conectados con diagnóstico local.","WiFi empresarial en Cancún para oficinas, cobertura estable y red ordenada","1","https://pixon.com.mx/servicios/b2b/wifi-empresarial","","true","WebSite; LocalBusiness; ProfessionalService; OnlineStore; Service; BreadcrumbList","177","166"
"https://pixon.com.mx/servicios/consola","CATEGORY","es-MX","Reparación de Consola en Cancún | Pixon PC","Servicios profesionales de reparación de consola en Cancún. 27 servicios disponibles con garantía por escrito. Atención con cita previa.","Reparación de Consola en Cancún","1","https://pixon.com.mx/servicios/consola","index, follow","true","WebSite; LocalBusiness; ProfessionalService; OnlineStore; BreadcrumbList; Service","177","166"
"https://pixon.com.mx/servicios/consola/cambio-hdmi-ps5","SERVICE","es-MX","Cambio HDMI PS5 en Cancún | Puerto roto, sin imagen y microsoldadura","Cambio de puerto HDMI PS5 en Cancún para consola sin imagen, pines doblados o daño por jalón. Diagnóstico de pistas, soldadura, audio/video y garantía por escrito.","Cambio de HDMI PS5 en Cancún","1","https://pixon.com.mx/servicios/consola/cambio-hdmi-ps5","","true","WebSite; LocalBusiness; ProfessionalService; OnlineStore; Service; BreadcrumbList","176","166"
"https://pixon.com.mx/servicios/consola/controles-drift","SERVICE","es-MX","Joystick drift Cancún | Pixon PC","Reparación de controles con drift en Cancún para DualSense, Xbox, Joy-Con y controles gamer con prueba de calibración. Cotización clara, diagnóstico técnico profesional y reparación confiable en Cancún.","Joystick drift Cancún","1","https://pixon.com.mx/servicios/consola/controles-drift","","true","WebSite; LocalBusiness; ProfessionalService; OnlineStore; Service; BreadcrumbList","176","166"
"https://pixon.com.mx/servicios/consola/diagnostico","SERVICE","es-MX","Diagnóstico técnico de consolas en Cancún | Pixon PC","Revisión completa para identificar el problema con reporte técnico. Te decimos exactamente qué tiene tu consola y qué opciones existen. Cotización clara, diagnóstico técnico profesional y reparación confiable en Cancún.","Diagnóstico técnico de consolas en Cancún","1","https://pixon.com.mx/servicios/consola/diagnostico","","true","WebSite; LocalBusiness; ProfessionalService; OnlineStore; Service; BreadcrumbList","176","166"
"https://pixon.com.mx/servicios/consola/fuente","SERVICE","es-MX","Reparación de fuente de consolas en Cancún | PS5, Xbox y Switch","Reparación de fuente de consolas en Cancún. Diagnosticamos PS5, PS4, Xbox, Nintendo Switch, voltajes, fusibles, capacitores, consumo y placa antes de cotizar.","Reparación de fuente de consolas en Cancún","1","https://pixon.com.mx/servicios/consola/fuente","","true","WebSite; LocalBusiness; ProfessionalService; OnlineStore; Service; BreadcrumbList","176","163"
"https://pixon.com.mx/servicios/consola/hdmi","SERVICE","es-MX","Reparación de puerto HDMI de consolas en Cancún | Pixon PC","Reparación de puerto HDMI de consolas en Cancún. Cambio de HDMI para PS5, PS4, Xbox y Nintendo Switch con diagnóstico de puerto, placa e IC de video.","Reparación de puerto HDMI de consolas en Cancún","1","https://pixon.com.mx/servicios/consola/hdmi","","true","WebSite; LocalBusiness; ProfessionalService; OnlineStore; Service; BreadcrumbList","176","166"
"https://pixon.com.mx/servicios/consola/lector-disco","SERVICE","es-MX","Reparación lector disco consola Cancún | Pixon PC","Diagnóstico de lector de disco para PS5, PS4, Xbox y otras consolas revisando lente, mecanismo, motor, flex y software. Cotización clara, diagnóstico técnico profesional y reparación confiable en Cancún.","Reparación lector disco consola Cancún","1","https://pixon.com.mx/servicios/consola/lector-disco","","true","WebSite; LocalBusiness; ProfessionalService; OnlineStore; Service; BreadcrumbList","176","166"
"https://pixon.com.mx/servicios/consola/limpieza-interna","SERVICE","es-MX","Limpieza de consolas en Cancún | PS5, Xbox, Switch y Steam Deck","Limpieza interna de consolas en Cancún para PS5, Xbox, Nintendo Switch, Steam Deck y ROG Ally. Mantenimiento térmico, polvo, ventilador, pasta y metal líquido con garantía.","Limpieza interna de consolas en Cancún","1","https://pixon.com.mx/servicios/consola/limpieza-interna","","true","WebSite; LocalBusiness; ProfessionalService; OnlineStore; Service; BreadcrumbList","177","166"
"https://pixon.com.mx/servicios/consola/limpieza-metal-liquido-ps5","SERVICE","es-MX","Limpieza PS5 Cancún con metal líquido | Servicio técnico PlayStation","Limpieza de PS5 en Cancún con revisión de metal líquido, ventilador, disipador, APU, fuente, ruido y apagados al jugar. Servicio técnico PlayStation con garantía.","Limpieza de PS5 en Cancún con revisión de metal líquido","1","https://pixon.com.mx/servicios/consola/limpieza-metal-liquido-ps5","","true","WebSite; LocalBusiness; ProfessionalService; OnlineStore; Service; BreadcrumbList","176","166"
"https://pixon.com.mx/servicios/consola/mantenimiento-nintendo-switch","SERVICE","es-MX","Mantenimiento Nintendo Switch en Cancún | Limpieza y Pasta Térmica | Pixon PC","Mantenimiento Nintendo Switch en Cancún: limpieza profunda, ventilador, disipador y revisión térmica para Switch, OLED, Lite y Switch 2 con garantía.","Mantenimiento Nintendo Switch en Cancún","1","https://pixon.com.mx/servicios/consola/mantenimiento-nintendo-switch","","true","WebSite; LocalBusiness; ProfessionalService; OnlineStore; Service; BreadcrumbList","177","166"
"https://pixon.com.mx/servicios/consola/mantenimiento-preventivo","SERVICE","es-MX","Mantenimiento de Consolas en Cancún | PS5, Xbox y Switch | Pixon PC","Mantenimiento de consolas en Cancún para PS5, Xbox, Nintendo Switch y portátiles gamer. Limpieza, ventilación y revisión térmica con cita previa.","Mantenimiento preventivo de consolas en Cancún","1","https://pixon.com.mx/servicios/consola/mantenimiento-preventivo","","true","WebSite; LocalBusiness; ProfessionalService; OnlineStore; Service; BreadcrumbList","177","163"
"https://pixon.com.mx/servicios/consola/mantenimiento-ps5","SERVICE","es-MX","Mantenimiento PS5 en Cancún | Limpieza + Metal Líquido | Pixon PC","Mantenimiento de PS5 en Cancún con limpieza interna, revisión térmica y evaluación de metal líquido. Solicita cotización según modelo y condición.","Mantenimiento de PS5 en Cancún: limpieza profunda y revisión térmica","1","https://pixon.com.mx/servicios/consola/mantenimiento-ps5","","true","WebSite; LocalBusiness; ProfessionalService; OnlineStore; Service; BreadcrumbList","176","166"
"https://pixon.com.mx/servicios/consola/nintendo/mantenimiento-switch","SERVICE","","Redirecting to: /servicios/consola/mantenimiento-nintendo-switch","","","0","https://pixon.com.mx/servicios/consola/mantenimiento-nintendo-switch","noindex","false","","0","1"
"https://pixon.com.mx/servicios/consola/no-da-imagen","SERVICE","es-MX","Consola no da imagen Cancún | Pixon PC","Revisión de salida de video en Cancún para consolas sin imagen: puerto HDMI, cable, resolución, soldadura e IC de video. Cotización clara, diagnóstico técnico profesional y reparación confiable en Cancún.","Consola no da imagen Cancún","1","https://pixon.com.mx/servicios/consola/no-da-imagen","","true","WebSite; LocalBusiness; ProfessionalService; OnlineStore; Service; BreadcrumbList","176","166"
"https://pixon.com.mx/servicios/consola/no-enciende","SERVICE","es-MX","Consola no enciende Cancún | Pixon PC","Servicio técnico para consolas que no prenden en Cancún. Medimos fuente, voltajes, consumo, cortocircuitos y placa. Cotización clara, diagnóstico técnico profesional y reparación confiable en Cancún.","Consola no enciende Cancún","1","https://pixon.com.mx/servicios/consola/no-enciende","","true","WebSite; LocalBusiness; ProfessionalService; OnlineStore; Service; BreadcrumbList","177","166"
"https://pixon.com.mx/servicios/consola/pasta-termica","SERVICE","es-MX","Cambio de pasta térmica de consolas en Cancún | PS5, Xbox y Switch","Cambio de pasta térmica de consolas en Cancún. Revisamos PS5, Xbox, Nintendo Switch, Steam Deck, ROG Ally, metal líquido, disipador, ventilador y polvo.","Cambio de pasta térmica de consolas en Cancún","1","https://pixon.com.mx/servicios/consola/pasta-termica","","true","WebSite; LocalBusiness; ProfessionalService; OnlineStore; Service; BreadcrumbList","176","163"
"https://pixon.com.mx/servicios/consola/playstation/sobrecalentamiento-ps5","SERVICE","","Redirecting to: /servicios/consola/sobrecalentamiento","","","0","https://pixon.com.mx/servicios/consola/sobrecalentamiento","noindex","false","","0","1"
"https://pixon.com.mx/servicios/consola/portatiles/rog-ally","SERVICE","","Redirecting to: /servicios/consola/mantenimiento-preventivo","","","0","https://pixon.com.mx/servicios/consola/mantenimiento-preventivo","noindex","false","","0","1"
"https://pixon.com.mx/servicios/consola/ps5-se-apaga","SERVICE","es-MX","PS5 se apaga sola en Cancún | Diagnóstico, fuente y metal líquido","Diagnóstico para PS5 que se apaga sola en Cancún al jugar. Revisamos temperatura, polvo, ventilador, metal líquido, fuente, consumo y placa antes de cotizar.","PS5 se apaga sola al jugar en Cancún","1","https://pixon.com.mx/servicios/consola/ps5-se-apaga","","true","WebSite; LocalBusiness; ProfessionalService; OnlineStore; Service; BreadcrumbList","176","166"
"https://pixon.com.mx/servicios/consola/reparacion-nintendo-switch","SERVICE","es-MX","Reparación Nintendo Switch Cancún | Pixon PC","Servicio técnico Nintendo Switch en Cancún revisando carga USB-C, batería, pantalla, ventilador, joy-con, dock, lector y software. Cotización clara, diagnóstico técnico profesional y reparación confiable en Cancún.","Reparación Nintendo Switch Cancún","1","https://pixon.com.mx/servicios/consola/reparacion-nintendo-switch","","true","WebSite; LocalBusiness; ProfessionalService; OnlineStore; Service; BreadcrumbList","176","166"
"https://pixon.com.mx/servicios/consola/reparacion-ps5","SERVICE","es-MX","Reparación PS5 Cancún | Pixon PC","Servicio técnico PS5 en Cancún con revisión de HDMI, fuente, ventilación, metal líquido, lector, almacenamiento, controles y software. Cotización clara, diagnóstico técnico profesional y reparación confiable en Cancún.","Reparación PS5 Cancún","1","https://pixon.com.mx/servicios/consola/reparacion-ps5","","true","WebSite; LocalBusiness; ProfessionalService; OnlineStore; Service; BreadcrumbList","177","166"
"https://pixon.com.mx/servicios/consola/reparacion-xbox","SERVICE","es-MX","Reparación Xbox Cancún | Pixon PC","Servicio técnico Xbox en Cancún para consola sin imagen, se apaga, no prende, no conecta control, no lee juegos o se calienta. Cotización clara, diagnóstico técnico profesional y reparación confiable en Cancún.","Reparación Xbox Cancún","1","https://pixon.com.mx/servicios/consola/reparacion-xbox","","true","WebSite; LocalBusiness; ProfessionalService; OnlineStore; Service; BreadcrumbList","176","166"
"https://pixon.com.mx/servicios/consola/sobrecalentamiento","SERVICE","es-MX","Sobrecalentamiento de consola en Cancún | PS5, Xbox y Switch","Solución de sobrecalentamiento de consolas en Cancún. Revisamos PS5, Xbox, Nintendo Switch, Steam Deck, ventilador, pasta térmica, metal líquido, polvo y flujo de aire.","Sobrecalentamiento de consola en Cancún","1","https://pixon.com.mx/servicios/consola/sobrecalentamiento","","true","WebSite; LocalBusiness; ProfessionalService; OnlineStore; Service; BreadcrumbList","178","163"
"https://pixon.com.mx/servicios/consola/ventilacion","SERVICE","es","Redirigiendo a sobrecalentamiento de consola | Pixon PC","","Redirigiendo a sobrecalentamiento de consola","1","https://pixon.com.mx/servicios/consola/sobrecalentamiento","noindex, follow","false","","0","1"
"https://pixon.com.mx/servicios/consola/xbox/dano-liquido","SERVICE","es-MX","Reparación de Xbox Mojado en Cancún | Daño por Líquido | Pixon PC","Reparación de Xbox mojado en Cancún. Revisamos daño por agua, humedad, corrosión y sulfatación en Xbox Series X, Series S y Xbox One antes de cotizar.","Reparación de Xbox mojado en Cancún","1","https://pixon.com.mx/servicios/consola/xbox/dano-liquido","","true","WebSite; LocalBusiness; ProfessionalService; OnlineStore; Service; BreadcrumbList","176","166"
"https://pixon.com.mx/servicios/consola/xbox/limpieza","SERVICE","","Redirecting to: /servicios/consola/limpieza-interna","","","0","https://pixon.com.mx/servicios/consola/limpieza-interna","noindex","false","","0","1"
"https://pixon.com.mx/servicios/consola/xbox/no-enciende","SERVICE","","Redirecting to: /servicios/consola/no-enciende","","","0","https://pixon.com.mx/servicios/consola/no-enciende","noindex","false","","0","1"
"https://pixon.com.mx/servicios/consola/xbox/sobrecalentamiento","SERVICE","es-MX","Sobrecalentamiento de Xbox en Cancún | Series X, S y One","¿Tu Xbox se calienta, hace mucho ruido o se apaga al jugar? Diagnosticamos ventilador, polvo, pasta térmica, fuente y disipador en Cancún.","Solución al sobrecalentamiento de Xbox en Cancún","1","https://pixon.com.mx/servicios/consola/xbox/sobrecalentamiento","","true","WebSite; LocalBusiness; ProfessionalService; OnlineStore; Article; Service; BreadcrumbList","176","166"
"https://pixon.com.mx/servicios/impresora","CATEGORY","es-MX","Reparación de Impresora en Cancún | Pixon PC","Servicios profesionales de reparación de impresora en Cancún. 15 servicios disponibles con garantía por escrito. Atención con cita previa.","Reparación de Impresora en Cancún","1","https://pixon.com.mx/servicios/impresora","index, follow","true","WebSite; LocalBusiness; ProfessionalService; OnlineStore; BreadcrumbList; Service","177","166"
"https://pixon.com.mx/servicios/impresora/atascos","SERVICE","es-MX","Reparación de atascos de impresora en Cancún | Pixon PC","Reparación de atascos de impresora en Cancún. Revisamos ruta de papel, sensores, rodillos y bandejas; cotizamos según el modelo y la pieza necesaria.","Reparación de atascos de impresora en Cancún","1","https://pixon.com.mx/servicios/impresora/atascos","","true","WebSite; LocalBusiness; ProfessionalService; OnlineStore; Service; BreadcrumbList","176","166"
"https://pixon.com.mx/servicios/impresora/cabezal","SERVICE","es-MX","Limpieza de cabezal de impresora en Cancún | Pixon PC","Limpieza y reparación de cabezal en Cancún para impresoras de tinta, láser, multifuncionales y equipos de oficina con diagnóstico antes de cambiar piezas o comprar insumos. Cotización clara, diagnóstico técnico profesional y reparación confiable en Cancún.","Limpieza de cabezal de impresora en Cancún Profesional","1","https://pixon.com.mx/servicios/impresora/cabezal","","true","WebSite; LocalBusiness; ProfessionalService; OnlineStore; Service; BreadcrumbList","176","166"
"https://pixon.com.mx/servicios/impresora/cambio-tinta-toner","SERVICE","es-MX","Cambio de tinta y tóner en Cancún | Pixon PC","Cambio, recarga e instalación de tinta y tóner para impresoras en Cancún. Revisamos cartuchos, tóner, cabezales y prueba de impresión.","Cambio de tinta y tóner para impresoras en Cancún","1","https://pixon.com.mx/servicios/impresora/cambio-tinta-toner","","true","WebSite; LocalBusiness; ProfessionalService; OnlineStore; Service; BreadcrumbList","176","166"
"https://pixon.com.mx/servicios/impresora/conectividad","SERVICE","es-MX","Configuración de impresoras WiFi en Cancún | Pixon PC","Configuración de impresoras WiFi, USB, Ethernet e IP en Cancún. Instalamos drivers, conectamos PC, Mac y móviles, y dejamos prueba de impresión.","Conectividad de impresoras WiFi, USB y red","1","https://pixon.com.mx/servicios/impresora/conectividad","","true","WebSite; LocalBusiness; ProfessionalService; OnlineStore; Service; BreadcrumbList","176","166"
"https://pixon.com.mx/servicios/impresora/diagnostico","SERVICE","es-MX","Diagnóstico de impresoras en Cancún | Pixon PC","Diagnóstico de impresoras en Cancún para HP, Epson, Canon, Brother y más. Revisamos impresión, atascos, cartuchos, tóner, cabezales, WiFi y errores antes de cotizar.","Diagnóstico de impresoras en Cancún","1","https://pixon.com.mx/servicios/impresora/diagnostico","","true","WebSite; LocalBusiness; ProfessionalService; OnlineStore; Service; BreadcrumbList","176","166"
"https://pixon.com.mx/servicios/impresora/mantenimiento","SERVICE","es-MX","Mantenimiento de impresoras en Cancún | Pixon PC","Mantenimiento de impresoras en Cancún desde $750 MXN. Limpieza, rodillos, bandejas, cabezales, tóner, tinta, prueba de impresión y revisión preventiva.","Mantenimiento de impresoras en Cancún","1","https://pixon.com.mx/servicios/impresora/mantenimiento","","true","WebSite; LocalBusiness; ProfessionalService; OnlineStore; Service; BreadcrumbList","176","166"
"https://pixon.com.mx/servicios/impresora/no-imprime","SERVICE","es-MX","Impresora no imprime en Cancún | Pixon PC","Impresora no imprime en Cancún para impresoras de tinta, láser, multifuncionales y equipos de oficina con diagnóstico antes de cambiar piezas o comprar insumos. Cotización clara, diagnóstico técnico profesional y reparación confiable en Cancún.","Impresora no imprime en Cancún Profesional","1","https://pixon.com.mx/servicios/impresora/no-imprime","","true","WebSite; LocalBusiness; ProfessionalService; OnlineStore; Service; BreadcrumbList","176","166"
"https://pixon.com.mx/servicios/impresora/reparacion-brother","SERVICE","es-MX","Reparación impresora Brother en Cancún | Pixon PC","Diagnóstico de impresoras Brother en Cancún con revisión de insumos, cabezal, rodillos, sensores, drivers, WiFi y calidad de impresión. Cotización clara, diagnóstico técnico profesional y reparación confiable en Cancún.","Reparación impresora Brother en Cancún Profesional","1","https://pixon.com.mx/servicios/impresora/reparacion-brother","","true","WebSite; LocalBusiness; ProfessionalService; OnlineStore; Service; BreadcrumbList","176","166"
"https://pixon.com.mx/servicios/impresora/reparacion-canon","SERVICE","es-MX","Reparación impresora Canon en Cancún | Pixon PC","Diagnóstico de impresoras Canon en Cancún con revisión de insumos, cabezal, rodillos, sensores, drivers, WiFi y calidad de impresión. Cotización clara, diagnóstico técnico profesional y reparación confiable en Cancún.","Reparación impresora Canon en Cancún Profesional","1","https://pixon.com.mx/servicios/impresora/reparacion-canon","","true","WebSite; LocalBusiness; ProfessionalService; OnlineStore; Service; BreadcrumbList","176","166"
"https://pixon.com.mx/servicios/impresora/reparacion-epson","SERVICE","es-MX","Reparación impresora Epson en Cancún | Pixon PC","Diagnóstico de impresoras Epson en Cancún con revisión de insumos, cabezal, rodillos, sensores, drivers, WiFi y calidad de impresión. Cotización clara, diagnóstico técnico profesional y reparación confiable en Cancún.","Reparación impresora Epson en Cancún Profesional","1","https://pixon.com.mx/servicios/impresora/reparacion-epson","","true","WebSite; LocalBusiness; ProfessionalService; OnlineStore; Service; BreadcrumbList","176","166"
"https://pixon.com.mx/servicios/impresora/reparacion-hp","SERVICE","es-MX","Reparación impresora HP en Cancún | Pixon PC","Diagnóstico de impresoras HP en Cancún con revisión de insumos, cabezal, rodillos, sensores, drivers, WiFi y calidad de impresión. Cotización clara, diagnóstico técnico profesional y reparación confiable en Cancún.","Reparación impresora HP en Cancún Profesional","1","https://pixon.com.mx/servicios/impresora/reparacion-hp","","true","WebSite; LocalBusiness; ProfessionalService; OnlineStore; Service; BreadcrumbList","176","166"
"https://pixon.com.mx/servicios/impresora/rodillos","SERVICE","es-MX","Cambio de rodillos de impresora en Cancún | Pixon PC","Cambio y reparación de rodillos de impresora en Cancún. Corregimos fallas de alimentación, papel atorado, hojas dobles y bandejas que no jalan.","Cambio de rodillos de impresora en Cancún","1","https://pixon.com.mx/servicios/impresora/rodillos","","true","WebSite; LocalBusiness; ProfessionalService; OnlineStore; Service; BreadcrumbList","176","166"
"https://pixon.com.mx/servicios/impresora/toner","SERVICE","es-MX","Tóner de impresora láser en Cancún | Pixon PC","Tóner y láser en Cancún para impresoras de tinta, láser, multifuncionales y equipos de oficina con diagnóstico antes de cambiar piezas o comprar insumos. Cotización clara, diagnóstico técnico profesional y reparación confiable en Cancún.","Tóner de impresora láser en Cancún Profesional","1","https://pixon.com.mx/servicios/impresora/toner","","true","WebSite; LocalBusiness; ProfessionalService; OnlineStore; Service; BreadcrumbList","176","166"
"https://pixon.com.mx/servicios/impresora/wifi-impresora","SERVICE","es-MX","Configurar impresora WiFi en Cancún | Pixon PC","Configuración WiFi impresora en Cancún para impresoras de tinta, láser, multifuncionales y equipos de oficina con diagnóstico antes de cambiar piezas o comprar insumos. Cotización clara, diagnóstico técnico profesional y reparación confiable en Cancún.","Configurar impresora WiFi en Cancún Profesional","1","https://pixon.com.mx/servicios/impresora/wifi-impresora","","true","WebSite; LocalBusiness; ProfessionalService; OnlineStore; Service; BreadcrumbList","176","166"
"https://pixon.com.mx/servicios/laptop","CATEGORY","es-MX","Reparación de Laptop en Cancún | Pixon PC","Servicios profesionales de reparación de laptop en Cancún. 19 servicios disponibles con garantía por escrito. Atención con cita previa.","Reparación de Laptop en Cancún","1","https://pixon.com.mx/servicios/laptop","index, follow","true","WebSite; LocalBusiness; ProfessionalService; OnlineStore; BreadcrumbList; Service","177","166"
"https://pixon.com.mx/servicios/laptop/cambio-bateria","SERVICE","es-MX","Cambio de batería de laptop en Cancún | Pixon PC","Cambio de batería de laptop en Cancún. Revisamos compatibilidad por modelo, instalamos y verificamos. Atención con cita previa.","Cambio de batería de laptop en Cancún","1","https://pixon.com.mx/servicios/laptop/cambio-bateria","","true","WebSite; LocalBusiness; ProfessionalService; OnlineStore; Service; BreadcrumbList","176","166"
"https://pixon.com.mx/servicios/laptop/cambio-pantalla","SERVICE","es-MX","Cambio de pantalla de laptop en Cancún con garantía | Pixon PC","Reemplazo de display LCD, LED, FHD, táctil u OLED para laptops Windows y MacBook con piezas originales o equivalentes certificadas. Cotización clara, diagnóstico técnico profesional y reparación confiable en Cancún.","Cambio de pantalla de laptop en Cancún con diagnóstico y garantía","1","https://pixon.com.mx/servicios/laptop/cambio-pantalla","","true","WebSite; LocalBusiness; ProfessionalService; OnlineStore; Service; BreadcrumbList","176","166"
"https://pixon.com.mx/servicios/laptop/cambio-teclado","SERVICE","es-MX","Cambio de teclado de laptop en Cancún | Pixon PC","Cambio y reparación de teclado de laptop en Cancún. Revisamos flex, conector, líquido, backlit y compatibilidad antes de instalar.","Cambio de teclado de laptop en Cancún","1","https://pixon.com.mx/servicios/laptop/cambio-teclado","","true","WebSite; LocalBusiness; ProfessionalService; OnlineStore; Service; BreadcrumbList","176","166"
"https://pixon.com.mx/servicios/laptop/diagnostico","SERVICE","es-MX","Diagnóstico de laptop en Cancún | Revisión profesional | Pixon PC","Diagnóstico de laptop en Cancún para equipos que no encienden, no cargan, van lentos, se calientan, tienen pantalla negra, humedad, fallas de Windows o datos en riesgo.","Diagnóstico de laptop en Cancún","1","https://pixon.com.mx/servicios/laptop/diagnostico","","true","WebSite; LocalBusiness; ProfessionalService; OnlineStore; Service; BreadcrumbList","176","163"
"https://pixon.com.mx/servicios/laptop/formateo-windows-virus-cancun","SERVICE","es-MX","Formateo de laptop en Cancún | Windows, virus y respaldo","Servicio de formateo de laptop en Cancún con respaldo de archivos, reinstalación de Windows, eliminación de virus, drivers y optimización profesional.","Formateo de laptop en Cancún con respaldo y reinstalación de Windows","1","https://pixon.com.mx/servicios/laptop/formateo-windows-virus-cancun","","true","WebSite; LocalBusiness; ProfessionalService; OnlineStore; Service; BreadcrumbList","176","166"
"https://pixon.com.mx/servicios/laptop/laptop-mojada","SERVICE","es-MX","Reparación de laptop mojada en Cancún | Daño por agua y corrosión","Servicio técnico para laptops mojadas en Cancún. Diagnóstico por daño de líquido, humedad, corrosión, limpieza profunda y revisión de tarjeta madre.","Reparación de laptop mojada en Cancún por daño de agua o humedad","1","https://pixon.com.mx/servicios/laptop/laptop-mojada","","true","WebSite; LocalBusiness; ProfessionalService; OnlineStore; Service; BreadcrumbList","176","166"
"https://pixon.com.mx/servicios/laptop/mantenimiento-preventivo","SERVICE","es-MX","Mantenimiento de laptop en Cancún | Limpieza interna","Mantenimiento preventivo de laptop en Cancún desde $1,000 MXN. Revisamos ventilación y temperaturas; confirmamos alcance y precio antes del servicio.","Mantenimiento preventivo de laptop en Cancún","1","https://pixon.com.mx/servicios/laptop/mantenimiento-preventivo","","true","WebSite; LocalBusiness; ProfessionalService; OnlineStore; Service; BreadcrumbList","176","167"
"https://pixon.com.mx/servicios/laptop/pasta-termica","SERVICE","es-MX","Cambio de Pasta Térmica en Cancún | PC, Laptop y GPU | Pixon PC","Cambio de pasta térmica para PC, laptop, equipos gamer y GPU en Cancún. Revisamos temperaturas, disipadores, ventiladores y thermal pads antes de realizar el servicio.","Cambio de pasta térmica en Cancún","1","https://pixon.com.mx/servicios/laptop/pasta-termica","","true","WebSite; LocalBusiness; ProfessionalService; OnlineStore; Service; BreadcrumbList","176","166"
"https://pixon.com.mx/servicios/laptop/recuperacion-datos","SERVICE","es-MX","Recuperación de datos de laptop en Cancún | SSD, HDD, NVMe y Borrado","Recuperación de archivos de laptops en Cancún. Revisamos el estado del disco o SSD, el riesgo para los datos y las opciones antes de cotizar el trabajo.","¿Perdiste tus archivos? Los recuperamos en Cancún","1","https://pixon.com.mx/servicios/laptop/recuperacion-datos","","true","WebSite; LocalBusiness; ProfessionalService; OnlineStore; Service; BreadcrumbList","176","166"
"https://pixon.com.mx/servicios/laptop/reparacion-dell","SERVICE","es-MX","Reparación laptop Dell en Cancún | Inspiron, Latitude, XPS y Alienware","Servicio técnico Dell en Cancún con revisión por modelo para pantalla, batería, teclado, centro de carga, placa, SSD, RAM, ventilación y software. Cotización clara, diagnóstico técnico profesional y reparación confiable en Cancún.","Reparación de laptop Dell en Cancún","1","https://pixon.com.mx/servicios/laptop/reparacion-dell","","true","WebSite; LocalBusiness; ProfessionalService; OnlineStore; Service; BreadcrumbList","176","166"
"https://pixon.com.mx/servicios/laptop/reparacion-hp","SERVICE","es-MX","Reparación laptop HP en Cancún | Pavilion, Envy, Omen, Victus y EliteBook","Reparación de laptop HP en Cancún para Pavilion, Envy, Omen, Victus, EliteBook, ProBook y Spectre. Diagnóstico de pantalla, carga, batería, teclado, SSD, RAM, temperatura, Windows y placa.","Reparación de laptop HP en Cancún","1","https://pixon.com.mx/servicios/laptop/reparacion-hp","","true","WebSite; LocalBusiness; ProfessionalService; OnlineStore; Service; BreadcrumbList","176","166"
"https://pixon.com.mx/servicios/laptop/reparacion-lenovo","SERVICE","es-MX","Reparación laptop Lenovo en Cancún | ThinkPad, IdeaPad, Legion y Yoga","Servicio técnico Lenovo en Cancún con revisión por modelo para pantalla, batería, teclado, centro de carga, placa, SSD, RAM, ventilación y software. Cotización clara, diagnóstico técnico profesional y reparación confiable en Cancún.","Reparación de laptop Lenovo en Cancún","1","https://pixon.com.mx/servicios/laptop/reparacion-lenovo","","true","WebSite; LocalBusiness; ProfessionalService; OnlineStore; Service; BreadcrumbList","176","166"
"https://pixon.com.mx/servicios/laptop/upgrade","SERVICE","es-MX","Upgrade de Laptop | Mejora de RAM y SSD en Cancún | Pixon PC","Mejora el rendimiento de tu laptop con más velocidad, mejor respuesta y una experiencia fluida. Upgrade de SSD y RAM en Cancún con garantía.","Upgrade de Laptop en Cancún","1","https://pixon.com.mx/servicios/laptop/upgrade","","true","WebSite; LocalBusiness; ProfessionalService; OnlineStore; Service; BreadcrumbList","176","166"
"https://pixon.com.mx/servicios/mac","CATEGORY","es-MX","Reparación de Mac en Cancún | Pixon PC","Servicios profesionales de reparación de mac en Cancún. 11 servicios disponibles con garantía por escrito. Atención con cita previa.","Reparación de Mac en Cancún","1","https://pixon.com.mx/servicios/mac","index, follow","true","WebSite; LocalBusiness; ProfessionalService; OnlineStore; BreadcrumbList; Service","176","166"
"https://pixon.com.mx/servicios/mac/cambio-bateria-macbook","SERVICE","es-MX","Cambio de batería MacBook en Cancún | Air, Pro, M1, M2 y M3","Cambio de batería MacBook en Cancún para Air y Pro. Revisamos batería inflada, ciclos altos, descarga rápida, USB-C, MagSafe, cargador y consumo antes de cotizar.","Cambio de batería MacBook en Cancún","1","https://pixon.com.mx/servicios/mac/cambio-bateria-macbook","","true","WebSite; LocalBusiness; ProfessionalService; OnlineStore; Service; BreadcrumbList","176","166"
"https://pixon.com.mx/servicios/mac/cambio-pantalla-macbook","SERVICE","es-MX","Cambio de Pantalla MacBook en Cancún | Air y Pro | Pixon PC","Cambio de pantalla para MacBook Air y Pro en Cancún. Revisamos panel, flex, retroiluminación y modelo exacto antes de cotizar la pantalla compatible.","Cambio de pantalla MacBook en Cancún","1","https://pixon.com.mx/servicios/mac/cambio-pantalla-macbook","","true","WebSite; LocalBusiness; ProfessionalService; OnlineStore; Service; BreadcrumbList; FAQPage","176","166"
"https://pixon.com.mx/servicios/mac/diagnostico-mac","SERVICE","es-MX","Diagnóstico Mac en Cancún | MacBook, iMac y Mac mini | Pixon PC","MacBook, iMac y Mac mini con falla desconocida. Diagnóstico técnico en Cancún para problemas de energía, pantalla, batería, almacenamiento, macOS o placa antes de reparar.","Diagnóstico Mac en Cancún","1","https://pixon.com.mx/servicios/mac/diagnostico-mac","","true","WebSite; LocalBusiness; ProfessionalService; OnlineStore; Service; BreadcrumbList","176","166"
"https://pixon.com.mx/servicios/mac/limpieza-liquido-macbook","SERVICE","es-MX","Reparación de MacBook mojada en Cancún | Líquido y corrosión","Reparación de MacBook mojada en Cancún. Diagnóstico de placa lógica, corrosión, teclado, batería, carga y datos con limpieza ultrasónica cuando aplica.","Reparación de MacBook mojada en Cancún por líquido y corrosión","1","https://pixon.com.mx/servicios/mac/limpieza-liquido-macbook","","true","WebSite; LocalBusiness; ProfessionalService; OnlineStore; Service; BreadcrumbList","176","166"
"https://pixon.com.mx/servicios/mac/macbook-no-enciende","SERVICE","es-MX","MacBook no enciende en Cancun | Diagnostico MacBook Air y Pro","MacBook no enciende en Cancun. Diagnostico para MacBook Air y Pro que no carga, pantalla negra, no da imagen, humedad, golpe, bateria, USB-C, MagSafe, macOS o placa.","MacBook no enciende en Cancun","1","https://pixon.com.mx/servicios/mac/macbook-no-enciende","","true","WebSite; LocalBusiness; ProfessionalService; OnlineStore; Service; BreadcrumbList","176","166"
"https://pixon.com.mx/servicios/mac/mantenimiento-macbook","SERVICE","es-MX","Mantenimiento Preventivo MacBook en Cancún | Limpieza, Optimización y Diagnóstico Profesional","Mantenimiento preventivo MacBook en Cancún: limpieza interna, cambio de pasta térmica, optimización macOS y diagnóstico profesional para MacBook Air, MacBook Pro e iMac.","Mantenimiento Preventivo MacBook en Cancún | Limpieza, Optimización y Diagnóstico Profesional","1","https://pixon.com.mx/servicios/mac/mantenimiento-macbook","","true","WebSite; LocalBusiness; ProfessionalService; OnlineStore; Service; BreadcrumbList","176","166"
"https://pixon.com.mx/servicios/mac/recuperacion-datos-mac","SERVICE","es-MX","Recuperación de datos Mac en Cancún | Pixon PC","Recuperación datos Mac en Cancún para MacBook, iMac y Mac mini con diagnóstico técnico, cotización clara, pruebas reales y garantía por escrito cuando aplica. Cotización clara, diagnóstico técnico profesional y reparación confiable en Cancún.","Recuperación de datos Mac en Cancún","1","https://pixon.com.mx/servicios/mac/recuperacion-datos-mac","","true","WebSite; LocalBusiness; ProfessionalService; OnlineStore; Service; BreadcrumbList","176","166"
"https://pixon.com.mx/servicios/mac/reparacion-imac-mac-mini","SERVICE","es-MX","Reparación iMac y Mac mini en Cancún | Diagnóstico Apple","Reparación iMac y Mac mini en Cancún. Diagnóstico para no prende, no da imagen, Mac mini lento, iMac caliente, macOS, SSD, puertos, datos y fuente.","Reparación iMac y Mac mini en Cancún","1","https://pixon.com.mx/servicios/mac/reparacion-imac-mac-mini","","true","WebSite; LocalBusiness; ProfessionalService; OnlineStore; Service; BreadcrumbList","176","166"
"https://pixon.com.mx/servicios/mac/reparacion-macbook","SERVICE","es-MX","Reparación de MacBook en Cancún | Air, Pro y Placa | Pixon PC","Reparación de MacBook Air y Pro en Cancún. Diagnóstico de fallas de encendido, carga, pantalla, batería, USB-C, teclado, macOS y placa antes de cotizar.","Reparación de MacBook en Cancún","1","https://pixon.com.mx/servicios/mac/reparacion-macbook","","true","WebSite; LocalBusiness; ProfessionalService; OnlineStore; Service; BreadcrumbList","177","166"
"https://pixon.com.mx/servicios/mac/software-macos","SERVICE","es-MX","Software y Soporte macOS en Cancún | Reinstalación, Optimización y Diagnóstico","Soporte macOS en Cancún para Mac lenta, no inicia, apps con error, reinstalación de macOS Sonoma y Sequoia, respaldo con Time Machine y migración de datos. MacBook Air, Pro, iMac y Mac mini.","Software macOS en Cancún | Reinstalación, Optimización y Soporte Profesional","1","https://pixon.com.mx/servicios/mac/software-macos","","true","WebSite; LocalBusiness; ProfessionalService; OnlineStore; Service; BreadcrumbList","176","163"
"https://pixon.com.mx/servicios/mac/teclado-macbook","SERVICE","es-MX","Reparación teclado MacBook en Cancún | Pixon PC","Teclado MacBook en Cancún para MacBook, iMac y Mac mini con diagnóstico técnico, cotización clara, pruebas reales y garantía por escrito cuando aplica. Cotización clara, diagnóstico técnico profesional y reparación confiable en Cancún.","Reparación teclado MacBook en Cancún","1","https://pixon.com.mx/servicios/mac/teclado-macbook","","true","WebSite; LocalBusiness; ProfessionalService; OnlineStore; Service; BreadcrumbList","176","166"
"https://pixon.com.mx/servicios/mantenimiento-preventivo-pc-empresas","CATEGORY","es-MX","Mantenimiento de Computadoras para Empresas en Cancún | Pixon PC","Mantenimiento preventivo de computadoras para empresas en Cancún: PCs y laptops por lote, calendarización, reporte técnico y atención según prioridad operativa.","Mantenimiento preventivo de computadoras para empresas en Cancún","1","https://pixon.com.mx/servicios/mantenimiento-preventivo-pc-empresas","index, follow","true","WebSite; LocalBusiness; ProfessionalService; OnlineStore; Service; BreadcrumbList","177","166"
"https://pixon.com.mx/servicios/mantenimiento-preventivo-pc-empresas-cancun","CATEGORY","es","Redirigiendo a mantenimiento preventivo empresarial | Pixon PC","","Redirigiendo a mantenimiento preventivo empresarial","1","https://pixon.com.mx/servicios/mantenimiento-preventivo-pc-empresas/","noindex, follow","false","","0","1"
"https://pixon.com.mx/servicios/pc","CATEGORY","es-MX","Reparación de PC en Cancún | Pixon PC","Servicios profesionales de reparación de pc en Cancún. 23 servicios disponibles con garantía por escrito. Atención con cita previa.","Reparación de PC en Cancún","1","https://pixon.com.mx/servicios/pc","index, follow","true","WebSite; LocalBusiness; ProfessionalService; OnlineStore; BreadcrumbList; Service","177","166"
"https://pixon.com.mx/servicios/pc/diagnostico","SERVICE","es-MX","Diagnóstico de PC en Cancún | Pixon PC","Diagnóstico de PC en Cancún para computadoras que no encienden, se reinician, van lentas, tienen pantalla azul, fallas de Windows, fuente, RAM, SSD, GPU o temperatura.","Diagnóstico de PC en Cancún","1","https://pixon.com.mx/servicios/pc/diagnostico","","true","WebSite; LocalBusiness; ProfessionalService; OnlineStore; Service; BreadcrumbList","176","163"
"https://pixon.com.mx/servicios/pc/formateo","SERVICE","es-MX","Formateo de PC en Cancún | Windows, respaldo y drivers","Formateo de PC en Cancún con revisión de archivos, Windows, controladores y pruebas finales. Solicita una cotización según el equipo y el respaldo necesario.","Formateo de PC en Cancún","1","https://pixon.com.mx/servicios/pc/formateo","","true","WebSite; LocalBusiness; ProfessionalService; OnlineStore; Service; BreadcrumbList","176","166"
"https://pixon.com.mx/servicios/pc/fuente-poder","SERVICE","es-MX","Fuente de poder PC en Cancún | Instalación y Reparación | Pixon PC","¿Tu computadora se apaga sola, huele a quemado o no prende tras un apagón? Cambio, diagnóstico e instalación de fuentes de poder en Cancún con garantía.","Fuente de poder PC en Cancún","1","https://pixon.com.mx/servicios/pc/fuente-poder","","true","WebSite; LocalBusiness; ProfessionalService; OnlineStore; Service; BreadcrumbList","176","166"
"https://pixon.com.mx/servicios/pc/instalacion-componentes","SERVICE","es-MX","Instalación de componentes PC en Cancún | SSD, RAM, GPU y fuente","Instalación de componentes PC en Cancún para SSD, RAM, GPU, fuente, ventiladores, WiFi y capturadoras. Revisión de compatibilidad, BIOS, cableado y pruebas.","Instalación de componentes PC en Cancún con compatibilidad, BIOS y pruebas reales","1","https://pixon.com.mx/servicios/pc/instalacion-componentes","","true","WebSite; LocalBusiness; ProfessionalService; OnlineStore; Service; BreadcrumbList","176","166"
"https://pixon.com.mx/servicios/pc/lentitud","SERVICE","es-MX","PC Lenta en Cancún | Diagnóstico y Soluciones | Pixon PC","¿Tu PC está lenta, tarda en prender o se congela? En Pixon PC diagnosticamos almacenamiento, RAM, Windows, temperatura y malware en Cancún para encontrar la causa antes de recomendar una solución.","¿Tu PC está lenta? Diagnóstico y solución en Cancún","1","https://pixon.com.mx/servicios/pc/lentitud","","true","WebSite; LocalBusiness; ProfessionalService; OnlineStore; Service; BreadcrumbList","176","166"
"https://pixon.com.mx/servicios/pc/limpieza-profunda","SERVICE","es-MX","Limpieza profunda de PC en Cancún | Pixon PC","Desarmado total, limpieza de cada componente con químicos especializados, cambio de pasta térmica y reensamble. Cotización clara, diagnóstico técnico profesional y reparación confiable en Cancún.","Limpieza Profunda de PC en Cancún","1","https://pixon.com.mx/servicios/pc/limpieza-profunda","","true","WebSite; LocalBusiness; ProfessionalService; OnlineStore; Service; BreadcrumbList","176","166"
"https://pixon.com.mx/servicios/pc/mantenimiento-correctivo","SERVICE","es-MX","Mantenimiento Correctivo y Reparación de PC en Cancún | Pixon PC","Reparación y mantenimiento correctivo de computadoras en Cancún. Diagnosticamos fallas de hardware y software en PC y PC Gamer: no enciende, reinicios, pantalla azul, fuente, tarjeta madre y discos. Cotización previa antes de reparar.","Mantenimiento correctivo y reparación de PC en Cancún","1","https://pixon.com.mx/servicios/pc/mantenimiento-correctivo","","true","WebSite; LocalBusiness; ProfessionalService; OnlineStore; Service; BreadcrumbList","176","166"
"https://pixon.com.mx/servicios/pc/mantenimiento-preventivo","SERVICE","","Redirecting to: /mantenimiento-preventivo-computadora","","","0","https://pixon.com.mx/mantenimiento-preventivo-computadora","noindex","false","","0","1"
"https://pixon.com.mx/servicios/pc/no-enciende","SERVICE","es-MX","PC no enciende en Cancún | Diagnóstico y reparación | Pixon PC","¿Tu PC no enciende, prende ventiladores sin imagen o se apaga al instante? Diagnóstico técnico en Cancún para fuente, tarjeta madre, RAM, GPU y cortos. Atención con cita previa.","PC no enciende en Cancún","1","https://pixon.com.mx/servicios/pc/no-enciende","","true","WebSite; LocalBusiness; ProfessionalService; OnlineStore; Service; BreadcrumbList","176","166"
"https://pixon.com.mx/servicios/pc/pantalla-azul","SERVICE","es-MX","Pantalla azul Windows en Cancún | Diagnóstico BSOD PC","Solución de pantalla azul Windows en Cancún. Diagnóstico BSOD para PC que se reinicia, falla al jugar, marca errores de RAM, SSD, drivers, GPU, temperatura o Windows dañado.","Pantalla azul Windows en Cancún: diagnóstico real antes de formatear","1","https://pixon.com.mx/servicios/pc/pantalla-azul","","true","WebSite; LocalBusiness; ProfessionalService; OnlineStore; Service; BreadcrumbList","176","166"
"https://pixon.com.mx/servicios/pc/recuperacion-datos","SERVICE","es-MX","Recuperación de datos en Cancún | PC, SSD, HDD y archivos borrados","Recuperación de datos para PC en Cancún con diagnóstico de SSD, HDD, archivos borrados, Windows dañado, particiones y respaldo seguro antes de reparar.","Recuperación de datos en Cancún para PC con Windows dañado, SSD o archivos borrados","1","https://pixon.com.mx/servicios/pc/recuperacion-datos","","true","WebSite; LocalBusiness; ProfessionalService; OnlineStore; Service; BreadcrumbList","177","166"
"https://pixon.com.mx/servicios/pc/refrigeracion","SERVICE","es-MX","Refrigeración PC gamer Cancún | Pixon PC","Revisión de flujo de aire, ventiladores, pasta térmica, disipador, AIO, gabinete, polvo y temperaturas en Cancún. Cotización clara, diagnóstico técnico profesional y reparación confiable en Cancún.","Refrigeración PC gamer Cancún","1","https://pixon.com.mx/servicios/pc/refrigeracion","","true","WebSite; LocalBusiness; ProfessionalService; OnlineStore; Service; BreadcrumbList","176","166"
"https://pixon.com.mx/servicios/pc/tarjeta-madre","SERVICE","es-MX","Reparación tarjeta madre PC Cancún | Pixon PC","Revisamos placa madre, BIOS, VRM, sockets, slots RAM/PCIe, conectores, CMOS y señales de daño antes de recomendar reemplazo. Cotización clara, diagnóstico técnico profesional y reparación confiable en Cancún.","Reparación tarjeta madre PC Cancún","1","https://pixon.com.mx/servicios/pc/tarjeta-madre","","true","WebSite; LocalBusiness; ProfessionalService; OnlineStore; Service; BreadcrumbList","176","166"
"https://pixon.com.mx/servicios/pc/tarjeta-video-gpu","SERVICE","es-MX","Reparación de Tarjeta Gráfica GPU en Cancún | Pixon PC","Diagnóstico y reparación de tarjeta gráfica GPU en Cancún para artefactos, temperatura, pantalla negra, ventiladores y fallas bajo carga.","Reparación de Tarjeta Gráfica GPU en Cancún","1","https://pixon.com.mx/servicios/pc/tarjeta-video-gpu","","true","WebSite; LocalBusiness; ProfessionalService; OnlineStore; Service; BreadcrumbList","177","166"
"https://pixon.com.mx/servicios/pc/upgrade","SERVICE","es-MX","Upgrade de PC en Cancún | SSD, RAM, GPU y Componentes | Pixon PC","Mejora tu PC en Cancún con un upgrade de SSD, RAM, GPU, CPU o almacenamiento. Revisamos compatibilidad, cuello de botella, fuente, motherboard y rendimiento antes de recomendar componentes.","Upgrade de PC en Cancún: mejora SSD, RAM, GPU y componentes","1","https://pixon.com.mx/servicios/pc/upgrade","","true","WebSite; LocalBusiness; ProfessionalService; OnlineStore; Service; BreadcrumbList","176","166"
"https://pixon.com.mx/servicios/pc/virus-malware","SERVICE","es-MX","Eliminación de virus y malware en Cancún | PC lenta y anuncios","Servicio de limpieza de virus en PC en Cancún. Quitamos malware, anuncios, extensiones sospechosas y software basura; revisamos si conviene limpiar o formatear.","Eliminación de virus y malware en Cancún para PC lenta, anuncios y navegador infectado","1","https://pixon.com.mx/servicios/pc/virus-malware","","true","WebSite; LocalBusiness; ProfessionalService; OnlineStore; Service; BreadcrumbList","176","166"
"https://pixon.com.mx/servicios/redes","CATEGORY","es-MX","Reparación de Redes y WiFi en Cancún | Pixon PC","Servicios profesionales de reparación de redes y wifi en Cancún. 6 servicios disponibles con garantía por escrito. Atención con cita previa.","Reparación de Redes y WiFi en Cancún","1","https://pixon.com.mx/servicios/redes","index, follow","true","WebSite; LocalBusiness; ProfessionalService; OnlineStore; BreadcrumbList; Service","176","166"
"https://pixon.com.mx/servicios/redes/cableado-red","SERVICE","es-MX","Cableado de red en Cancun | Ethernet, switches y puntos","Cableado de red en Cancun para oficinas y negocios. Revisamos Ethernet, puntos de red, conectores, switches, patch cords, impresoras y PCs.","Cableado de red Ethernet en Cancun","1","https://pixon.com.mx/servicios/redes/cableado-red","","true","WebSite; LocalBusiness; ProfessionalService; OnlineStore; Service; BreadcrumbList","176","166"
"https://pixon.com.mx/servicios/redes/configuracion-router","SERVICE","es-MX","Configuracion de router en Cancun | WiFi, clave e IP","Configuracion de router en Cancun. Ajustamos modem, WiFi, contrasenas, red de invitados, IP, DHCP, repetidores, Mesh y equipos conectados.","Configuracion de router y WiFi en Cancun","1","https://pixon.com.mx/servicios/redes/configuracion-router","","true","WebSite; LocalBusiness; ProfessionalService; OnlineStore; Service; BreadcrumbList","176","166"
"https://pixon.com.mx/servicios/redes/impresora-red","SERVICE","es-MX","Configurar impresora en red en Cancun | WiFi y Ethernet","Configuracion de impresora en red en Cancun para WiFi, Ethernet, USB compartida, PCs, laptops, Mac, celulares, IP fija, drivers y permisos.","Configurar impresora en red en Cancun","1","https://pixon.com.mx/servicios/redes/impresora-red","","true","WebSite; LocalBusiness; ProfessionalService; OnlineStore; Service; BreadcrumbList","176","166"
"https://pixon.com.mx/servicios/redes/red-oficina","SERVICE","es-MX","Red de oficina en Cancun | WiFi, cableado e impresoras","Configuramos red de oficina en Cancun: PCs, laptops, impresoras, switches, router, cableado Ethernet, IP, permisos, WiFi y equipos compartidos.","Red de oficina en Cancun","1","https://pixon.com.mx/servicios/redes/red-oficina","","true","WebSite; LocalBusiness; ProfessionalService; OnlineStore; Service; BreadcrumbList","176","166"
"https://pixon.com.mx/servicios/redes/repetidores-mesh","SERVICE","es-MX","Repetidores WiFi y Mesh en Cancun | Mejorar cobertura","Instalacion de repetidores WiFi y Mesh en Cancun. Mejoramos cobertura, ubicacion de nodos, puntos de acceso, router, cableado y velocidad por zona.","Instalacion de repetidores WiFi y Mesh en Cancun","1","https://pixon.com.mx/servicios/redes/repetidores-mesh","","true","WebSite; LocalBusiness; ProfessionalService; OnlineStore; Service; BreadcrumbList","176","166"
"https://pixon.com.mx/servicios/redes/wifi-lento","SERVICE","es-MX","WiFi lento en Cancun | Diagnostico de internet y router","Solucion para WiFi lento en Cancun. Revisamos router, modem, cobertura, interferencia, repetidores, Mesh, cableado, equipos conectados y velocidad real por zona.","Solucion para WiFi lento en Cancun","1","https://pixon.com.mx/servicios/redes/wifi-lento","","true","WebSite; LocalBusiness; ProfessionalService; OnlineStore; Service; BreadcrumbList","176","166"
"https://pixon.com.mx/servicios/telefono","CATEGORY","es-MX","Reparación de Celulares en Cancún | Pantallas, Baterías y Diagnóstico | Pixon PC","Reparación de celulares en Cancún para pantallas, baterías, carga, cámaras, audio y fallas por humedad. Solicita revisión por WhatsApp o ticket.","Reparación de celulares en Cancún","1","https://pixon.com.mx/servicios/telefono","index, follow","true","WebSite; LocalBusiness; ProfessionalService; OnlineStore; BreadcrumbList; Service","177","166"
"https://pixon.com.mx/servicios/telefono/cambio-bateria","SERVICE","es-MX","Cambio de Batería de Celular en Cancún | Diagnóstico y Reemplazo","Cambio de batería de celular en Cancún. Revisamos descarga rápida, calentamiento, apagados, carga lenta y baterías infladas antes de reemplazar la pieza.","Cambio de batería de celular en Cancún","1","https://pixon.com.mx/servicios/telefono/cambio-bateria","","true","WebSite; LocalBusiness; ProfessionalService; OnlineStore; Service; BreadcrumbList","176","166"
"https://pixon.com.mx/servicios/telefono/cambio-bateria-iphone","SERVICE","es-MX","Cambio de batería iPhone en Cancún | Pixon PC","Cambio de batería iPhone en Cancún. Revisamos salud, descarga rápida, apagados, calentamiento y carga antes de instalar una batería compatible. Cotiza por WhatsApp.","Cambio de batería iPhone en Cancún","1","https://pixon.com.mx/servicios/telefono/cambio-bateria-iphone","","true","WebSite; LocalBusiness; ProfessionalService; OnlineStore; Service; BreadcrumbList","177","166"
"https://pixon.com.mx/servicios/telefono/cambio-bateria-samsung","SERVICE","es-MX","Cambio de batería Samsung en Cancún | Galaxy | Pixon PC","Cambio de batería Samsung Galaxy en Cancún para equipos que se descargan rápido, se apagan, se calientan o tienen batería inflada. Diagnóstico de carga, consumo y garantía.","Cambio de batería Samsung en Cancún","1","https://pixon.com.mx/servicios/telefono/cambio-bateria-samsung","","true","WebSite; LocalBusiness; ProfessionalService; OnlineStore; Service; BreadcrumbList","176","166"
"https://pixon.com.mx/servicios/telefono/cambio-flex-botones","SERVICE","es-MX","Cambio de flex y botones de celular en Cancún | Pixon PC","Cambio de flex, botón power, volumen, home, mute y botones laterales de celular en Cancún. Revisamos flex, humedad, carcasa y placa antes de cotizar.","Cambio de flex y botones de celular en Cancún","1","https://pixon.com.mx/servicios/telefono/cambio-flex-botones","","true","WebSite; LocalBusiness; ProfessionalService; OnlineStore; Service; BreadcrumbList","176","166"
"https://pixon.com.mx/servicios/telefono/cambio-pantalla","SERVICE","es-MX","Cambio de pantalla de celular en Cancún | iPhone, Samsung y Xiaomi","Cambio de pantalla de celular en Cancún para iPhone, Samsung, Xiaomi, Motorola y más. Revisamos touch, display, marco, humedad y calidad de refacción antes de instalar.","Cambio de pantalla de celular en Cancún","1","https://pixon.com.mx/servicios/telefono/cambio-pantalla","","true","WebSite; LocalBusiness; ProfessionalService; OnlineStore; Service; BreadcrumbList","176","166"
"https://pixon.com.mx/servicios/telefono/cambio-pantalla-samsung","SERVICE","es-MX","Cambio pantalla Samsung en Cancún | Pixon PC","Cambio de pantalla Samsung en Cancún para Galaxy S, A, M, Note, Fold y Flip según disponibilidad de módulo compatible. Cotización clara, diagnóstico técnico profesional y reparación confiable en Cancún.","Cambio pantalla Samsung en Cancún","1","https://pixon.com.mx/servicios/telefono/cambio-pantalla-samsung","","true","WebSite; LocalBusiness; ProfessionalService; OnlineStore; Service; BreadcrumbList","176","166"
"https://pixon.com.mx/servicios/telefono/celular-mojado","SERVICE","es-MX","Reparación de celular mojado en Cancún | Pixon PC","Reparación de celular mojado en Cancún. No lo cargues ni lo enciendas: revisamos humedad, corrosión, conectores y placa antes de cotizar.","Servicio para celular mojado en Cancún","1","https://pixon.com.mx/servicios/telefono/celular-mojado","","true","WebSite; LocalBusiness; ProfessionalService; OnlineStore; Service; BreadcrumbList","177","165"
"https://pixon.com.mx/servicios/telefono/celular-no-prende","SERVICE","es-MX","Celular no prende en Cancún | Pixon PC","Revisión técnica de celulares que no prenden en Cancún para separar falla de batería, carga, pantalla, software, humedad o placa. Cotización clara, diagnóstico técnico profesional y reparación confiable en Cancún.","Celular no prende en Cancún con diagnóstico de batería, carga, pantalla y placa","1","https://pixon.com.mx/servicios/telefono/celular-no-prende","","true","WebSite; LocalBusiness; ProfessionalService; OnlineStore; Service; BreadcrumbList","176","166"
"https://pixon.com.mx/servicios/telefono/celular-sin-senal","SERVICE","es-MX","Celular sin señal en Cancún | Pixon PC","Diagnóstico de señal celular en Cancún revisando SIM, bandeja, antena, configuración, software, IMEI y placa. Cotización clara, diagnóstico técnico profesional y reparación confiable en Cancún.","Celular sin señal en Cancún","1","https://pixon.com.mx/servicios/telefono/celular-sin-senal","","true","WebSite; LocalBusiness; ProfessionalService; OnlineStore; Service; BreadcrumbList","176","166"
"https://pixon.com.mx/servicios/telefono/centro-carga-celular","SERVICE","es-MX","Centro de carga celular en Cancún | Pixon PC","Diagnóstico y reparación de puerto de carga USB-C, Lightning y micro USB para iPhone, Samsung, Xiaomi, Motorola, Huawei y más marcas. Cotización clara, diagnóstico técnico profesional y reparación confiable en Cancún.","Centro de carga celular en Cancún","1","https://pixon.com.mx/servicios/telefono/centro-carga-celular","","true","WebSite; LocalBusiness; ProfessionalService; OnlineStore; Service; BreadcrumbList","176","166"
"https://pixon.com.mx/servicios/telefono/diagnostico","SERVICE","es-MX","Diagnóstico de celulares en Cancún | Pixon PC","Diagnóstico de celulares en Cancún para fallas de pantalla, batería, carga, audio, cámaras, humedad, placa y software. Revisamos antes de cambiar piezas.","Diagnóstico de celulares en Cancún","1","https://pixon.com.mx/servicios/telefono/diagnostico","","true","WebSite; LocalBusiness; ProfessionalService; OnlineStore; Service; BreadcrumbList","176","166"
"https://pixon.com.mx/servicios/telefono/diagnostico-iphone","SERVICE","es-MX","Diagnóstico iPhone en Cancún | No prende, no carga, pantalla negra","Diagnóstico iPhone en Cancún para equipos que no prenden, no cargan, tienen pantalla negra, batería dañada, Face ID, cámara, audio, humedad, software o placa.","Diagnostico iPhone en Cancun","1","https://pixon.com.mx/servicios/telefono/diagnostico-iphone","","true","WebSite; LocalBusiness; ProfessionalService; OnlineStore; Service; BreadcrumbList","176","166"
"https://pixon.com.mx/servicios/telefono/iphone-no-prende","SERVICE","es-MX","iPhone no prende en Cancún | Pixon PC","Revisamos carga, batería, pantalla, botón, humedad, consumo, software y placa para saber si tiene reparación. Cotización clara, diagnóstico técnico profesional y reparación confiable en Cancún.","iPhone no prende en Cancún","1","https://pixon.com.mx/servicios/telefono/iphone-no-prende","","true","WebSite; LocalBusiness; ProfessionalService; OnlineStore; Service; BreadcrumbList","176","166"
"https://pixon.com.mx/servicios/telefono/iphone-se-reinicia","SERVICE","es-MX","iPhone se reinicia en Cancún | Pixon PC","Diagnóstico de reinicios iPhone revisando batería, carga, sensores, piezas cambiadas, humedad, iOS, memoria y placa. Cotización clara, diagnóstico técnico profesional y reparación confiable en Cancún.","iPhone se reinicia en Cancún","1","https://pixon.com.mx/servicios/telefono/iphone-se-reinicia","","true","WebSite; LocalBusiness; ProfessionalService; OnlineStore; Service; BreadcrumbList","176","166"
"https://pixon.com.mx/servicios/telefono/iphone-sin-senal","SERVICE","es-MX","iPhone sin señal en Cancún | Pixon PC","Revisamos SIM, bandeja, antenas, configuración, eSIM, iOS, IMEI, humedad y placa antes de cotizar. Cotización clara, diagnóstico técnico profesional y reparación confiable en Cancún.","iPhone sin señal en Cancún","1","https://pixon.com.mx/servicios/telefono/iphone-sin-senal","","true","WebSite; LocalBusiness; ProfessionalService; OnlineStore; Service; BreadcrumbList","176","166"
"https://pixon.com.mx/servicios/telefono/liberacion-software","SERVICE","es-MX","Liberación y software de celulares en Cancún | Pixon PC","Liberación de red, flasheo, actualización, FRP y reparación de software para celulares en Cancún. Revisamos IMEI, cuenta, respaldo y compatibilidad antes de trabajar.","Liberación y software de celulares en Cancún","1","https://pixon.com.mx/servicios/telefono/liberacion-software","","true","WebSite; LocalBusiness; ProfessionalService; OnlineStore; Service; BreadcrumbList","176","166"
"https://pixon.com.mx/servicios/telefono/reparacion-bocina","SERVICE","es-MX","Reparación de bocina de celular en Cancún | Pixon PC","Reparación de bocina, auricular y audio de celular en Cancún. Revisamos rejilla, flex, humedad, micrófono y altavoz antes de cambiar piezas.","Reparación de bocina de celular en Cancún","1","https://pixon.com.mx/servicios/telefono/reparacion-bocina","","true","WebSite; LocalBusiness; ProfessionalService; OnlineStore; Service; BreadcrumbList","176","166"
"https://pixon.com.mx/servicios/telefono/reparacion-bocina-iphone","SERVICE","es-MX","Reparación de bocina iPhone en Cancún | Pixon PC","Reparación de bocina iPhone en Cancún para audio bajo, bocina distorsionada, auricular sin sonido, rejilla tapada, humedad, flex y llamadas.","Reparacion de bocina iPhone en Cancun","1","https://pixon.com.mx/servicios/telefono/reparacion-bocina-iphone","","true","WebSite; LocalBusiness; ProfessionalService; OnlineStore; Service; BreadcrumbList","176","166"
"https://pixon.com.mx/servicios/telefono/reparacion-botones-iphone","SERVICE","es-MX","Reparación de botones iPhone en Cancún | Power, volumen y mute","Reparación de botones iPhone en Cancún para power, volumen, silencio, Home, botón lateral, flex, carcasa, humedad, golpes y falsos contactos.","Reparacion de botones iPhone en Cancun","1","https://pixon.com.mx/servicios/telefono/reparacion-botones-iphone","","true","WebSite; LocalBusiness; ProfessionalService; OnlineStore; Service; BreadcrumbList","176","166"
"https://pixon.com.mx/servicios/telefono/reparacion-camara-iphone","SERVICE","es-MX","Reparación de cámara iPhone en Cancún | Pixon PC","Reparación de cámara iPhone en Cancún con diagnóstico de cámara frontal, trasera, enfoque, manchas, lente roto, humedad y garantía por escrito.","Reparación de cámara iPhone en Cancún","1","https://pixon.com.mx/servicios/telefono/reparacion-camara-iphone","","true","WebSite; LocalBusiness; ProfessionalService; OnlineStore; Service; BreadcrumbList","176","166"
"https://pixon.com.mx/servicios/telefono/reparacion-carga","SERVICE","es-MX","Reparación de carga en Cancún | Pixon PC","Diagnóstico y reparación de centro de carga USB-C, Lightning o micro-USB. Solucionamos falsos contactos. Cotización clara, diagnóstico técnico profesional y reparación confiable en Cancún.","Reparación de carga","1","https://pixon.com.mx/servicios/telefono/reparacion-carga","","true","WebSite; LocalBusiness; ProfessionalService; OnlineStore; Service; BreadcrumbList","176","166"
"https://pixon.com.mx/servicios/telefono/reparacion-carga-iphone","SERVICE","es-MX","Reparación de carga iPhone en Cancún | Pixon PC","Reparamos puerto de carga iPhone en Cancún. Revisamos Lightning, USB-C, batería, humedad, cable, adaptador y flex antes de cotizar.","Reparación de carga iPhone en Cancún","1","https://pixon.com.mx/servicios/telefono/reparacion-carga-iphone","","true","WebSite; LocalBusiness; ProfessionalService; OnlineStore; Service; BreadcrumbList","176","166"
"https://pixon.com.mx/servicios/telefono/reparacion-face-id-iphone","SERVICE","es-MX","Reparación de Face ID iPhone en Cancún | Pixon PC","Reparación de Face ID iPhone en Cancún. Diagnóstico de cámara TrueDepth, sensores infrarrojos, flex y humedad antes de cotizar. Garantía por escrito.","Reparación de Face ID iPhone en Cancún","1","https://pixon.com.mx/servicios/telefono/reparacion-face-id-iphone","","true","WebSite; LocalBusiness; ProfessionalService; OnlineStore; Service; BreadcrumbList","176","166"
"https://pixon.com.mx/servicios/telefono/reparacion-huawei","SERVICE","es-MX","Reparación Huawei en Cancún | Pixon PC","Servicio técnico Huawei en Cancún con revisión por modelo antes de cambiar pantalla, batería, centro de carga, cámara, audio, señal o software. Cotización clara, diagnóstico técnico profesional y reparación confiable en Cancún.","Reparación Huawei en Cancún","1","https://pixon.com.mx/servicios/telefono/reparacion-huawei","","true","WebSite; LocalBusiness; ProfessionalService; OnlineStore; Service; BreadcrumbList","176","166"
"https://pixon.com.mx/servicios/telefono/reparacion-humedad-iphone","SERVICE","es-MX","Reparación de iPhone mojado en Cancún | Pixon PC","Reparación de iPhone mojado en Cancún. Diagnóstico por humedad, limpieza ultrasónica, revisión de placa lógica, batería, pantalla, carga, cámaras y Face ID.","Reparación de iPhone mojado en Cancún","1","https://pixon.com.mx/servicios/telefono/reparacion-humedad-iphone","","true","WebSite; LocalBusiness; ProfessionalService; OnlineStore; Service; BreadcrumbList","176","166"
"https://pixon.com.mx/servicios/telefono/reparacion-iphone","SERVICE","es-MX","Reparación de iPhone en Cancún | Placa y Microsoldadura | Pixon PC","¿Tu iPhone no enciende, se mojó, se calienta o presenta una falla electrónica? Diagnóstico y reparación avanzada en Cancún con cotización antes de reparar.","Reparación de iPhone en Cancún","1","https://pixon.com.mx/servicios/telefono/reparacion-iphone","","true","WebSite; LocalBusiness; ProfessionalService; OnlineStore; Service; BreadcrumbList","176","167"
"https://pixon.com.mx/servicios/telefono/reparacion-lente-camara-iphone","SERVICE","es-MX","Reparación lente cámara iPhone en Cancún | Pixon PC","Revisamos lente, cámara trasera, enfoque, estabilizador, manchas, cristal y sellado antes de cambiar pieza. Cotización clara, diagnóstico técnico profesional y reparación confiable en Cancún.","Reparación lente cámara iPhone en Cancún","1","https://pixon.com.mx/servicios/telefono/reparacion-lente-camara-iphone","","true","WebSite; LocalBusiness; ProfessionalService; OnlineStore; Service; BreadcrumbList","176","166"
"https://pixon.com.mx/servicios/telefono/reparacion-microfono-iphone","SERVICE","es-MX","Reparación de micrófono iPhone en Cancún | Llamadas, WhatsApp y video","Reparación de micrófono iPhone en Cancún para llamadas sin voz, WhatsApp sin audio, notas de voz, video sin sonido, Siri, flex de carga, humedad y placa.","Reparacion de microfono iPhone en Cancun","1","https://pixon.com.mx/servicios/telefono/reparacion-microfono-iphone","","true","WebSite; LocalBusiness; ProfessionalService; OnlineStore; Service; BreadcrumbList","176","166"
"https://pixon.com.mx/servicios/telefono/reparacion-motorola","SERVICE","es-MX","Reparación Motorola en Cancún | Pixon PC","Servicio técnico Motorola en Cancún con revisión por modelo antes de cambiar pantalla, batería, centro de carga, cámara, audio, señal o software. Cotización clara, diagnóstico técnico profesional y reparación confiable en Cancún.","Reparación Motorola en Cancún","1","https://pixon.com.mx/servicios/telefono/reparacion-motorola","","true","WebSite; LocalBusiness; ProfessionalService; OnlineStore; Service; BreadcrumbList","176","166"
"https://pixon.com.mx/servicios/telefono/reparacion-pantalla-iphone","SERVICE","es-MX","Cambio de Pantalla iPhone en Cancún | OLED y Diagnóstico | Pixon PC","Pantalla rota, estrellada, negra, con líneas o touch sin respuesta. Cambio de pantalla iPhone en Cancún con cotización por modelo, opciones OLED y diagnóstico previo. Garantía por escrito.","Cambio de pantalla iPhone en Cancún","1","https://pixon.com.mx/servicios/telefono/reparacion-pantalla-iphone","","true","WebSite; LocalBusiness; ProfessionalService; OnlineStore; Service; BreadcrumbList","176","167"
"https://pixon.com.mx/servicios/telefono/reparacion-placa-iphone","SERVICE","es-MX","Reparación placa iPhone en Cancún | Pixon PC","Revisión por etapas de placa iPhone para consumo anormal, líneas dañadas, humedad, conectores, carga, señal y arranque. Cotización clara, diagnóstico técnico profesional y reparación confiable en Cancún.","Reparación placa iPhone en Cancún","1","https://pixon.com.mx/servicios/telefono/reparacion-placa-iphone","","true","WebSite; LocalBusiness; ProfessionalService; OnlineStore; Service; BreadcrumbList","176","166"
"https://pixon.com.mx/servicios/telefono/reparacion-samsung","SERVICE","es-MX","Reparación Samsung en Cancún | Pixon PC","Servicio técnico Samsung Galaxy en Cancún con revisión por modelo antes de cambiar pantalla, batería, centro de carga, cámara, audio, señal o software. Cotización clara, diagnóstico técnico profesional y reparación confiable en Cancún.","Reparación Samsung en Cancún","1","https://pixon.com.mx/servicios/telefono/reparacion-samsung","","true","WebSite; LocalBusiness; ProfessionalService; OnlineStore; Service; BreadcrumbList","176","166"
"https://pixon.com.mx/servicios/telefono/reparacion-tapa-trasera-iphone","SERVICE","es-MX","Reparación tapa trasera iPhone en Cancún | Pixon PC","Revisamos tapa trasera, marco, cámara, carga inalámbrica, MagSafe, sellos y golpes antes de cotizar. Cotización clara, diagnóstico técnico profesional y reparación confiable en Cancún.","Reparación tapa trasera iPhone en Cancún","1","https://pixon.com.mx/servicios/telefono/reparacion-tapa-trasera-iphone","","true","WebSite; LocalBusiness; ProfessionalService; OnlineStore; Service; BreadcrumbList","176","166"
"https://pixon.com.mx/servicios/telefono/reparacion-wifi-bluetooth-iphone","SERVICE","es-MX","Reparación WiFi Bluetooth iPhone en Cancún | Pixon PC","Revisamos antenas, flex, configuración, iOS, placa, humedad y conectividad antes de proponer reparación. Cotización clara, diagnóstico técnico profesional y reparación confiable en Cancún.","Reparación WiFi Bluetooth iPhone en Cancún","1","https://pixon.com.mx/servicios/telefono/reparacion-wifi-bluetooth-iphone","","true","WebSite; LocalBusiness; ProfessionalService; OnlineStore; Service; BreadcrumbList","176","166"
"https://pixon.com.mx/servicios/telefono/reparacion-xiaomi","SERVICE","es-MX","Reparación Xiaomi en Cancún | Pixon PC","Servicio técnico Xiaomi, Redmi y POCO en Cancún con revisión por modelo antes de cambiar pantalla, batería, centro de carga, cámara, audio, señal o software. Cotización clara, diagnóstico técnico profesional y reparación confiable en Cancún.","Reparación Xiaomi en Cancún","1","https://pixon.com.mx/servicios/telefono/reparacion-xiaomi","","true","WebSite; LocalBusiness; ProfessionalService; OnlineStore; Service; BreadcrumbList","176","166"
"https://pixon.com.mx/servicios/telefono/software-iphone","SERVICE","es-MX","Software iPhone en Cancún | Pixon PC","Servicio de software iPhone en Cancún con respaldo si es posible, actualización, restauración, recuperación de sistema y diagnóstico. Cotización clara, diagnóstico técnico profesional y reparación confiable en Cancún.","Software iPhone en Cancún","1","https://pixon.com.mx/servicios/telefono/software-iphone","","true","WebSite; LocalBusiness; ProfessionalService; OnlineStore; Service; BreadcrumbList","176","166"
"https://pixon.com.mx/tickets","UTILITY","es-MX","Orden de servicio técnico en Cancún | Pixon PC","Registra tu orden de servicio técnico para laptop, PC gamer, celular o soporte en Cancún. Diagnóstico inicial en 2 horas y garantía por escrito.","Registro y Orden de Servicio Técnico","1","https://pixon.com.mx/tickets","","true","WebSite; LocalBusiness; ProfessionalService; OnlineStore; WebPage","192","165"
"https://pixon.com.mx/tienda","SHOP","es-MX","Tienda de computadoras, hardware y servicios en Cancún | Pixon PC","Explora equipos, hardware, servicios técnicos y paquetes publicados por Pixon PC en Cancún. Consulta disponibilidad, condición y precio desde un catálogo actualizado.","Catálogo Pixon PC","1","https://pixon.com.mx/tienda","","true","WebSite; LocalBusiness; ProfessionalService; OnlineStore; CollectionPage; BreadcrumbList","180","166"
"https://pixon.com.mx/tienda/detalle","SHOP","es-MX","Producto de la tienda | Pixon PC","Consulta precio, disponibilidad, condición y detalles de una publicación de Pixon PC en Cancún.","Publicación de Pixon PC","1","https://pixon.com.mx/tienda","noindex, follow","false","WebSite; LocalBusiness; ProfessionalService; OnlineStore","2","168"
"https://pixon.com.mx/tienda/laptop-para-trabajo-y-escuela","SHOP","es-MX","Laptop Ryzen 5 8GB RAM SSD 1TB + HDD 1TB en Cancún | Pixon PC","Laptop de 15.6” con AMD Ryzen 5, 8 GB RAM, SSD de 1 TB y HDD de 1 TB. Disponible en Cancún con atención y soporte de Pixon PC.","Laptop para Trabajo y escuela en Cancún","1","https://pixon.com.mx/tienda/laptop-para-trabajo-y-escuela","","true","WebSite; LocalBusiness; ProfessionalService; OnlineStore; Product","2","169"
"https://pixon.com.mx/tienda/mantenimiento-preventivo-pasta-termica-arctic-mx4","SHOP","es-MX","Mantenimiento Preventivo con Pasta Térmica Arctic MX-4 en Cancún | Pixon PC","Servicio de mantenimiento preventivo y cambio de pasta térmica Arctic MX-4 para computadoras y laptops en Cancún. Diagnóstico y garantía por escrito.","Mantenimiento Preventivo Integral + Pasta Térmica Arctic MX-4 en Cancún","1","https://pixon.com.mx/tienda/mantenimiento-preventivo-pasta-termica-arctic-mx4","","true","WebSite; LocalBusiness; ProfessionalService; OnlineStore; Service","1","168"
"https://pixon.com.mx/tienda/pc-gamer-cancun-ryzen-5-rtx-3060","SHOP","es-MX","PC Gamer Ryzen 5 + RTX 3060 12GB en Cancún | Pixon PC","Compra tu PC Gamer armada en Cancún con Ryzen 5 5600, RTX 3060 12GB, 16GB RAM y 1TB SSD. Garantía de 1 año y pruebas de estrés certificadas.","PC Gamer Cancún Master Ryzen 5 + RTX 3060","1","https://pixon.com.mx/tienda/pc-gamer-cancun-ryzen-5-rtx-3060","","true","WebSite; LocalBusiness; ProfessionalService; OnlineStore; Product","2","169"
"https://pixon.com.mx/tienda/promociones","SHOP","es-MX","Promociones reales de computadoras y servicios en Cancún | Pixon PC","Consulta promociones activas, equipos con disponibilidad limitada real y ofertas vendidas de Pixon PC en Cancún.","Promociones de Pixon PC en Cancún","1","https://pixon.com.mx/tienda/promociones","","true","WebSite; LocalBusiness; ProfessionalService; OnlineStore","2","167"
